pf_calls,num_answers,model_updates,num_grad_comps,answers_bytes,last_score,batch_size,k,elapsed_time,train_data,n,d,max_epochs,verbose,ident,_epochs,score_train,loss_train,score_test,loss_test,_elapsed_time,seed,run_id,dim
1,1920,15,1920,23520,0.4729166626930237,128,0,0.06044292449951172,1920,17,1,500000,1000,,1.0,0.5093749761581421,0.6931472420692444,0.47708332538604736,0.6931472420692444,0,1568664761,2,1
1001,1920,15015,1921920,23520,0.47708332538604736,128,1000,0.06533312797546387,1920,17,1,500000,1000,,1001.0,0.6260416507720947,0.6474050283432007,0.606249988079071,0.6542084217071533,5,1568664761,2,1
2001,1920,30015,3841920,23520,0.606249988079071,128,2000,0.07034611701965332,1920,17,1,500000,1000,,2001.0,0.6270833611488342,0.6440802216529846,0.612500011920929,0.6521173119544983,10,1568664761,2,1
3001,1920,45015,5761920,23520,0.612500011920929,128,3000,0.07523012161254883,1920,17,1,500000,1000,,3001.0,0.6239583492279053,0.643585205078125,0.6166666746139526,0.6531296968460083,15,1568664761,2,1
4001,1920,60015,7681920,23520,0.6166666746139526,128,4000,0.08014321327209473,1920,17,1,500000,1000,,4001.0,0.625,0.6434184312820435,0.6208333373069763,0.6535043716430664,21,1568664761,2,1
5001,1920,75015,9601920,23520,0.6208333373069763,128,5000,0.08555006980895996,1920,17,1,500000,1000,,5001.0,0.6270833611488342,0.6433178186416626,0.625,0.6540817022323608,26,1568664761,2,1
6001,1920,90015,11521920,23520,0.625,128,6000,0.0903940200805664,1920,17,1,500000,1000,,6001.0,0.629687488079071,0.643261730670929,0.6208333373069763,0.6551744937896729,31,1568664761,2,1
7001,1920,105015,13441920,23520,0.6208333373069763,128,7000,0.09582710266113281,1920,17,1,500000,1000,,7001.0,0.629687488079071,0.643236517906189,0.6208333373069763,0.655206024646759,36,1568664761,2,1
8001,1920,120015,15361920,23520,0.6208333373069763,128,8000,0.10148119926452637,1920,17,1,500000,1000,,8001.0,0.625,0.6432262063026428,0.6229166388511658,0.6553795337677002,41,1568664761,2,1
9001,1920,135015,17281920,23520,0.6229166388511658,128,9000,0.10648107528686523,1920,17,1,500000,1000,,9001.0,0.6255208253860474,0.6432233452796936,0.6166666746139526,0.6552392840385437,47,1568664761,2,1
10001,1920,150015,19201920,23520,0.6166666746139526,128,10000,0.11159706115722656,1920,17,1,500000,1000,,10001.0,0.6317708492279053,0.6432219743728638,0.6208333373069763,0.6552276611328125,52,1568664761,2,1
11001,1920,165015,21121920,23520,0.6208333373069763,128,11000,0.11633682250976562,1920,17,1,500000,1000,,11001.0,0.6317708492279053,0.6432223916053772,0.625,0.6554548740386963,57,1568664761,2,1
12001,1920,180015,23041920,23520,0.625,128,12000,0.12112593650817871,1920,17,1,500000,1000,,12001.0,0.6302083134651184,0.6432167887687683,0.625,0.6553593873977661,62,1568664761,2,1
13001,1920,195015,24961920,23520,0.625,128,13000,0.126251220703125,1920,17,1,500000,1000,,13001.0,0.629687488079071,0.6432161927223206,0.625,0.6552566289901733,67,1568664761,2,1
14001,1920,210015,26881920,23520,0.625,128,14000,0.13148927688598633,1920,17,1,500000,1000,,14001.0,0.628125011920929,0.643218457698822,0.6270833611488342,0.6555946469306946,73,1568664761,2,1
15001,1920,225015,28801920,23520,0.6270833611488342,128,15000,0.13757658004760742,1920,17,1,500000,1000,,15001.0,0.6307291388511658,0.643213152885437,0.625,0.655285656452179,78,1568664761,2,1
16001,1920,240015,30721920,23520,0.625,128,16000,0.14368557929992676,1920,17,1,500000,1000,,16001.0,0.6302083134651184,0.6432214379310608,0.625,0.6552234292030334,83,1568664761,2,1
17001,1920,255015,32641920,23520,0.625,128,17000,0.14869451522827148,1920,17,1,500000,1000,,17001.0,0.6322916746139526,0.6432173848152161,0.6229166388511658,0.6553974747657776,96,1568664761,2,1
18001,1920,270015,34561920,23520,0.6229166388511658,128,18000,0.15350842475891113,1920,17,1,500000,1000,,18001.0,0.6302083134651184,0.6432187557220459,0.625,0.6555216908454895,101,1568664761,2,1
19001,1920,285015,36481920,23520,0.625,128,19000,0.1587386131286621,1920,17,1,500000,1000,,19001.0,0.6302083134651184,0.6432221531867981,0.625,0.6552165746688843,106,1568664761,2,1
20001,1920,300015,38401920,23520,0.625,128,20000,0.16373968124389648,1920,17,1,500000,1000,,20001.0,0.6322916746139526,0.6432240605354309,0.6166666746139526,0.6555260419845581,111,1568664761,2,1
21001,1920,315015,40321920,23520,0.6166666746139526,128,21000,0.16851162910461426,1920,17,1,500000,1000,,21001.0,0.6286458373069763,0.6432201862335205,0.625,0.6550413370132446,116,1568664761,2,1
22001,1920,330015,42241920,23520,0.625,128,22000,0.17323541641235352,1920,17,1,500000,1000,,22001.0,0.6291666626930237,0.6432197093963623,0.6229166388511658,0.6553693413734436,121,1568664761,2,1
23001,1920,345015,44161920,23520,0.6229166388511658,128,23000,0.1780846118927002,1920,17,1,500000,1000,,23001.0,0.629687488079071,0.643216073513031,0.625,0.6553734540939331,131,1568664761,2,1
24001,1920,360015,46081920,23520,0.625,128,24000,0.18301081657409668,1920,17,1,500000,1000,,24001.0,0.6307291388511658,0.6432130336761475,0.625,0.6553517580032349,136,1568664761,2,1
25001,1920,375015,48001920,23520,0.625,128,25000,0.18802380561828613,1920,17,1,500000,1000,,25001.0,0.6307291388511658,0.6432197690010071,0.625,0.6554884314537048,144,1568664761,2,1
26001,1920,390015,49921920,23520,0.625,128,26000,0.19360804557800293,1920,17,1,500000,1000,,26001.0,0.629687488079071,0.6432176232337952,0.625,0.6551676988601685,153,1568664761,2,1
27001,1920,405015,51841920,23520,0.625,128,27000,0.1987001895904541,1920,17,1,500000,1000,,27001.0,0.628125011920929,0.6432205438613892,0.6229166388511658,0.6550465822219849,167,1568664761,2,1
28001,1920,420015,53761920,23520,0.6229166388511658,128,28000,0.20344305038452148,1920,17,1,500000,1000,,28001.0,0.6307291388511658,0.6432170271873474,0.625,0.6554064154624939,172,1568664761,2,1
29001,1920,435015,55681920,23520,0.625,128,29000,0.20891809463500977,1920,17,1,500000,1000,,29001.0,0.6291666626930237,0.6432179808616638,0.6229166388511658,0.655318021774292,180,1568664761,2,1
30001,1920,450015,57601920,23520,0.6229166388511658,128,30000,0.21393990516662598,1920,17,1,500000,1000,,30001.0,0.6276041865348816,0.6432174444198608,0.625,0.6554295420646667,185,1568664761,2,1
31001,1920,465015,59521920,23520,0.625,128,31000,0.21887683868408203,1920,17,1,500000,1000,,31001.0,0.6312500238418579,0.6432151198387146,0.6208333373069763,0.6556323170661926,191,1568664761,2,1
32001,1920,480015,61441920,23520,0.6208333373069763,128,32000,0.2236039638519287,1920,17,1,500000,1000,,32001.0,0.6286458373069763,0.6432202458381653,0.6229166388511658,0.6552536487579346,196,1568664761,2,1
33001,1920,495015,63361920,23520,0.6229166388511658,128,33000,0.22910118103027344,1920,17,1,500000,1000,,33001.0,0.6317708492279053,0.643222987651825,0.625,0.6552174091339111,201,1568664761,2,1
34001,1920,510015,65281920,23520,0.625,128,34000,0.23458313941955566,1920,17,1,500000,1000,,34001.0,0.629687488079071,0.6432189345359802,0.625,0.6551699042320251,206,1568664761,2,1
35001,1920,525015,67201920,23520,0.625,128,35000,0.23964715003967285,1920,17,1,500000,1000,,35001.0,0.6312500238418579,0.6432138085365295,0.625,0.6554802656173706,211,1568664761,2,1
36001,1920,540015,69121920,23520,0.625,128,36000,0.24450230598449707,1920,17,1,500000,1000,,36001.0,0.6322916746139526,0.6432179808616638,0.6229166388511658,0.6554712653160095,216,1568664761,2,1
37001,1920,555015,71041920,23520,0.6229166388511658,128,37000,0.2492213249206543,1920,17,1,500000,1000,,37001.0,0.6312500238418579,0.6432152986526489,0.6229166388511658,0.6555842161178589,222,1568664761,2,1
38001,1920,570015,72961920,23520,0.6229166388511658,128,38000,0.25416016578674316,1920,17,1,500000,1000,,38001.0,0.6317708492279053,0.6432235240936279,0.625,0.6552876830101013,227,1568664761,2,1
39001,1920,585015,74881920,23520,0.625,128,39000,0.2591688632965088,1920,17,1,500000,1000,,39001.0,0.6312500238418579,0.6432170867919922,0.625,0.6553813815116882,232,1568664761,2,1
40001,1920,600015,76801920,23520,0.625,128,40000,0.26384615898132324,1920,17,1,500000,1000,,40001.0,0.6291666626930237,0.6432152390480042,0.6229166388511658,0.6553828120231628,237,1568664761,2,1
41001,1920,615015,78721920,23520,0.6229166388511658,128,41000,0.2688143253326416,1920,17,1,500000,1000,,41001.0,0.6291666626930237,0.6432194113731384,0.625,0.6554006338119507,242,1568664761,2,1
42001,1920,630015,80641920,23520,0.625,128,42000,0.27378129959106445,1920,17,1,500000,1000,,42001.0,0.629687488079071,0.6432164311408997,0.6229166388511658,0.6556638479232788,247,1568664761,2,1
43001,1920,645015,82561920,23520,0.6229166388511658,128,43000,0.27895116806030273,1920,17,1,500000,1000,,43001.0,0.6322916746139526,0.6432175040245056,0.6229166388511658,0.6557327508926392,252,1568664761,2,1
44001,1920,660015,84481920,23520,0.6229166388511658,128,44000,0.2842111587524414,1920,17,1,500000,1000,,44001.0,0.6302083134651184,0.6432170867919922,0.625,0.6554709076881409,257,1568664761,2,1
45001,1920,675015,86401920,23520,0.625,128,45000,0.2889230251312256,1920,17,1,500000,1000,,45001.0,0.629687488079071,0.6432168483734131,0.6229166388511658,0.6552765965461731,262,1568664761,2,1
46001,1920,690015,88321920,23520,0.6229166388511658,128,46000,0.2937190532684326,1920,17,1,500000,1000,,46001.0,0.6302083134651184,0.6432191729545593,0.625,0.6555506587028503,267,1568664761,2,1
47001,1920,705015,90241920,23520,0.625,128,47000,0.2984192371368408,1920,17,1,500000,1000,,47001.0,0.628125011920929,0.6432183980941772,0.6291666626930237,0.6555959582328796,272,1568664761,2,1
48001,1920,720015,92161920,23520,0.6291666626930237,128,48000,0.3031501770019531,1920,17,1,500000,1000,,48001.0,0.6307291388511658,0.643214225769043,0.625,0.6554877758026123,277,1568664761,2,1
49001,1920,735015,94081920,23520,0.625,128,49000,0.30820608139038086,1920,17,1,500000,1000,,49001.0,0.6302083134651184,0.6432240605354309,0.6229166388511658,0.6552862524986267,282,1568664761,2,1
50001,1920,750015,96001920,23520,0.6229166388511658,128,50000,0.31296515464782715,1920,17,1,500000,1000,,50001.0,0.629687488079071,0.6432168483734131,0.625,0.6555636525154114,287,1568664761,2,1
51001,1920,765015,97921920,23520,0.625,128,51000,0.31786108016967773,1920,17,1,500000,1000,,51001.0,0.6291666626930237,0.6432154178619385,0.625,0.6554473042488098,292,1568664761,2,1
52001,1920,780015,99841920,23520,0.625,128,52000,0.32262492179870605,1920,17,1,500000,1000,,52001.0,0.6302083134651184,0.6432151794433594,0.6229166388511658,0.6553763151168823,297,1568664761,2,1
53001,1920,795015,101761920,23520,0.6229166388511658,128,53000,0.3274989128112793,1920,17,1,500000,1000,,53001.0,0.6302083134651184,0.6432197690010071,0.6229166388511658,0.655424177646637,302,1568664761,2,1
54001,1920,810015,103681920,23520,0.6229166388511658,128,54000,0.3322327136993408,1920,17,1,500000,1000,,54001.0,0.628125011920929,0.6432134509086609,0.625,0.655462920665741,308,1568664761,2,1
55001,1920,825015,105601920,23520,0.625,128,55000,0.33705902099609375,1920,17,1,500000,1000,,55001.0,0.6286458373069763,0.6432187557220459,0.6270833611488342,0.6554229259490967,313,1568664761,2,1
56001,1920,840015,107521920,23520,0.6270833611488342,128,56000,0.3421969413757324,1920,17,1,500000,1000,,56001.0,0.6302083134651184,0.6432159543037415,0.625,0.6554626226425171,318,1568664761,2,1
57001,1920,855015,109441920,23520,0.625,128,57000,0.3471207618713379,1920,17,1,500000,1000,,57001.0,0.629687488079071,0.6432172060012817,0.6291666626930237,0.6556309461593628,323,1568664761,2,1
58001,1920,870015,111361920,23520,0.6291666626930237,128,58000,0.35183262825012207,1920,17,1,500000,1000,,58001.0,0.6307291388511658,0.6432143449783325,0.625,0.6554394364356995,328,1568664761,2,1
59001,1920,885015,113281920,23520,0.625,128,59000,0.35703134536743164,1920,17,1,500000,1000,,59001.0,0.629687488079071,0.6432177424430847,0.625,0.6554907560348511,333,1568664761,2,1
60001,1920,900015,115201920,23520,0.625,128,60000,0.3618474006652832,1920,17,1,500000,1000,,60001.0,0.6312500238418579,0.6432148218154907,0.625,0.6552180647850037,338,1568664761,2,1
61001,1920,915015,117121920,23520,0.625,128,61000,0.366849422454834,1920,17,1,500000,1000,,61001.0,0.629687488079071,0.6432132720947266,0.625,0.655200183391571,343,1568664761,2,1
62001,1920,930015,119041920,23520,0.625,128,62000,0.37181639671325684,1920,17,1,500000,1000,,62001.0,0.6291666626930237,0.6432191729545593,0.6312500238418579,0.6555518507957458,348,1568664761,2,1
63001,1920,945015,120961920,23520,0.6312500238418579,128,63000,0.37662553787231445,1920,17,1,500000,1000,,63001.0,0.6317708492279053,0.643223226070404,0.6229166388511658,0.6554234027862549,353,1568664761,2,1
64001,1920,960015,122881920,23520,0.6229166388511658,128,64000,0.3816566467285156,1920,17,1,500000,1000,,64001.0,0.6291666626930237,0.643216073513031,0.625,0.6551751494407654,358,1568664761,2,1
65001,1920,975015,124801920,23520,0.625,128,65000,0.38658881187438965,1920,17,1,500000,1000,,65001.0,0.6307291388511658,0.6432161927223206,0.6229166388511658,0.6554020047187805,363,1568664761,2,1
66001,1920,990015,126721920,23520,0.6229166388511658,128,66000,0.3914496898651123,1920,17,1,500000,1000,,66001.0,0.6270833611488342,0.643215000629425,0.625,0.6553007364273071,368,1568664761,2,1
67001,1920,1005015,128641920,23520,0.625,128,67000,0.39628076553344727,1920,17,1,500000,1000,,67001.0,0.6307291388511658,0.6432183384895325,0.6291666626930237,0.6555029153823853,373,1568664761,2,1
68001,1920,1020015,130561920,23520,0.6291666626930237,128,68000,0.401080846786499,1920,17,1,500000,1000,,68001.0,0.6322916746139526,0.6432165503501892,0.625,0.6553781032562256,378,1568664761,2,1
69001,1920,1035015,132481920,23520,0.625,128,69000,0.4062175750732422,1920,17,1,500000,1000,,69001.0,0.6291666626930237,0.6432180404663086,0.625,0.6556437611579895,383,1568664761,2,1
70001,1920,1050015,134401920,23520,0.625,128,70000,0.4118764400482178,1920,17,1,500000,1000,,70001.0,0.6307291388511658,0.6432209014892578,0.625,0.6557626128196716,388,1568664761,2,1
71001,1920,1065015,136321920,23520,0.625,128,71000,0.41680455207824707,1920,17,1,500000,1000,,71001.0,0.6307291388511658,0.6432163119316101,0.625,0.6555702090263367,393,1568664761,2,1
72001,1920,1080015,138241920,23520,0.625,128,72000,0.42214441299438477,1920,17,1,500000,1000,,72001.0,0.6291666626930237,0.6432195901870728,0.625,0.655380129814148,398,1568664761,2,1
73001,1920,1095015,140161920,23520,0.625,128,73000,0.4271843433380127,1920,17,1,500000,1000,,73001.0,0.6286458373069763,0.6432210803031921,0.625,0.6554445624351501,403,1568664761,2,1
74001,1920,1110015,142081920,23520,0.625,128,74000,0.4324634075164795,1920,17,1,500000,1000,,74001.0,0.628125011920929,0.6432149410247803,0.625,0.6554096937179565,408,1568664761,2,1
75001,1920,1125015,144001920,23520,0.625,128,75000,0.43723535537719727,1920,17,1,500000,1000,,75001.0,0.6307291388511658,0.6432164311408997,0.625,0.655456006526947,413,1568664761,2,1
76001,1920,1140015,145921920,23520,0.625,128,76000,0.442049503326416,1920,17,1,500000,1000,,76001.0,0.629687488079071,0.6432179808616638,0.6291666626930237,0.6553800106048584,418,1568664761,2,1
77001,1920,1155015,147841920,23520,0.6291666626930237,128,77000,0.4467613697052002,1920,17,1,500000,1000,,77001.0,0.6317708492279053,0.643218994140625,0.6229166388511658,0.6558622717857361,423,1568664761,2,1
78001,1920,1170015,149761920,23520,0.6229166388511658,128,78000,0.45153021812438965,1920,17,1,500000,1000,,78001.0,0.6302083134651184,0.6432168483734131,0.6229166388511658,0.6556479930877686,428,1568664761,2,1
79001,1920,1185015,151681920,23520,0.6229166388511658,128,79000,0.4562971591949463,1920,17,1,500000,1000,,79001.0,0.6307291388511658,0.6432204842567444,0.625,0.6554548740386963,433,1568664761,2,1
80001,1920,1200015,153601920,23520,0.625,128,80000,0.46144628524780273,1920,17,1,500000,1000,,80001.0,0.6307291388511658,0.643214225769043,0.6229166388511658,0.655205488204956,437,1568664761,2,1
81001,1920,1215015,155521920,23520,0.6229166388511658,128,81000,0.4661083221435547,1920,17,1,500000,1000,,81001.0,0.6322916746139526,0.6432144045829773,0.625,0.6553362607955933,442,1568664761,2,1
82001,1920,1230015,157441920,23520,0.625,128,82000,0.4707975387573242,1920,17,1,500000,1000,,82001.0,0.6307291388511658,0.6432157754898071,0.625,0.65522700548172,447,1568664761,2,1
83001,1920,1245015,159361920,23520,0.625,128,83000,0.47565579414367676,1920,17,1,500000,1000,,83001.0,0.6322916746139526,0.6432170271873474,0.625,0.655445396900177,452,1568664761,2,1
84001,1920,1260015,161281920,23520,0.625,128,84000,0.4804997444152832,1920,17,1,500000,1000,,84001.0,0.6312500238418579,0.6432201266288757,0.625,0.6552805304527283,456,1568664761,2,1
85001,1920,1275015,163201920,23520,0.625,128,85000,0.485243558883667,1920,17,1,500000,1000,,85001.0,0.6276041865348816,0.6432236433029175,0.6229166388511658,0.6555901169776917,461,1568664761,2,1
86001,1920,1290015,165121920,23520,0.6229166388511658,128,86000,0.4900636672973633,1920,17,1,500000,1000,,86001.0,0.629687488079071,0.6432182788848877,0.6229166388511658,0.6552581191062927,466,1568664761,2,1
87001,1920,1305015,167041920,23520,0.6229166388511658,128,87000,0.4948718547821045,1920,17,1,500000,1000,,87001.0,0.6317708492279053,0.6432198882102966,0.625,0.6556169986724854,471,1568664761,2,1
88001,1920,1320015,168961920,23520,0.625,128,88000,0.4996919631958008,1920,17,1,500000,1000,,88001.0,0.6302083134651184,0.6432227492332458,0.625,0.655563473701477,476,1568664761,2,1
89001,1920,1335015,170881920,23520,0.625,128,89000,0.5043530464172363,1920,17,1,500000,1000,,89001.0,0.6307291388511658,0.6432190537452698,0.625,0.6555934548377991,480,1568664761,2,1
90001,1920,1350015,172801920,23520,0.625,128,90000,0.5091338157653809,1920,17,1,500000,1000,,90001.0,0.6322916746139526,0.6432134509086609,0.625,0.6555182337760925,485,1568664761,2,1
91001,1920,1365015,174721920,23520,0.625,128,91000,0.5138826370239258,1920,17,1,500000,1000,,91001.0,0.6312500238418579,0.6432178616523743,0.6291666626930237,0.6555991768836975,490,1568664761,2,1
92001,1920,1380015,176641920,23520,0.6291666626930237,128,92000,0.5185847282409668,1920,17,1,500000,1000,,92001.0,0.6307291388511658,0.6432159543037415,0.625,0.6552903652191162,495,1568664761,2,1
93001,1920,1395015,178561920,23520,0.625,128,93000,0.5232346057891846,1920,17,1,500000,1000,,93001.0,0.6333333253860474,0.6432149410247803,0.625,0.6554155349731445,499,1568664761,2,1
94001,1920,1410015,180481920,23520,0.625,128,94000,0.5279805660247803,1920,17,1,500000,1000,,94001.0,0.6286458373069763,0.6432172060012817,0.6291666626930237,0.6551279425621033,504,1568664761,2,1
95001,1920,1425015,182401920,23520,0.6291666626930237,128,95000,0.5326404571533203,1920,17,1,500000,1000,,95001.0,0.629687488079071,0.6432159543037415,0.625,0.6555442810058594,509,1568664761,2,1
96001,1920,1440015,184321920,23520,0.625,128,96000,0.5373983383178711,1920,17,1,500000,1000,,96001.0,0.629687488079071,0.6432164311408997,0.625,0.6552976965904236,514,1568664761,2,1
97001,1920,1455015,186241920,23520,0.625,128,97000,0.5420992374420166,1920,17,1,500000,1000,,97001.0,0.6302083134651184,0.643214762210846,0.625,0.6554508209228516,518,1568664761,2,1
98001,1920,1470015,188161920,23520,0.625,128,98000,0.546964168548584,1920,17,1,500000,1000,,98001.0,0.6317708492279053,0.643214762210846,0.625,0.6556827425956726,523,1568664761,2,1
99001,1920,1485015,190081920,23520,0.625,128,99000,0.5516161918640137,1920,17,1,500000,1000,,99001.0,0.6291666626930237,0.6432214379310608,0.625,0.6554908752441406,528,1568664761,2,1
100001,1920,1500015,192001920,23520,0.625,128,100000,0.5565493106842041,1920,17,1,500000,1000,,100001.0,0.628125011920929,0.643214762210846,0.625,0.6553235650062561,533,1568664761,2,1
101001,1920,1515015,193921920,23520,0.625,128,101000,0.5613951683044434,1920,17,1,500000,1000,,101001.0,0.6317708492279053,0.6432182192802429,0.625,0.6553261280059814,537,1568664761,2,1
102001,1920,1530015,195841920,23520,0.625,128,102000,0.5660991668701172,1920,17,1,500000,1000,,102001.0,0.629687488079071,0.6432183384895325,0.625,0.655259370803833,542,1568664761,2,1
103001,1920,1545015,197761920,23520,0.625,128,103000,0.5707800388336182,1920,17,1,500000,1000,,103001.0,0.6286458373069763,0.643219530582428,0.625,0.6555621027946472,547,1568664761,2,1
104001,1920,1560015,199681920,23520,0.625,128,104000,0.5754480361938477,1920,17,1,500000,1000,,104001.0,0.6328125,0.6432177424430847,0.625,0.6554830074310303,552,1568664761,2,1
105001,1920,1575015,201601920,23520,0.625,128,105000,0.5801680088043213,1920,17,1,500000,1000,,105001.0,0.628125011920929,0.6432215571403503,0.6229166388511658,0.6556443572044373,556,1568664761,2,1
106001,1920,1590015,203521920,23520,0.6229166388511658,128,106000,0.5848159790039062,1920,17,1,500000,1000,,106001.0,0.6312500238418579,0.6432157158851624,0.6229166388511658,0.655523419380188,561,1568664761,2,1
107001,1920,1605015,205441920,23520,0.6229166388511658,128,107000,0.5897479057312012,1920,17,1,500000,1000,,107001.0,0.6291666626930237,0.6432148218154907,0.625,0.6552249193191528,566,1568664761,2,1
108001,1920,1620015,207361920,23520,0.625,128,108000,0.5944528579711914,1920,17,1,500000,1000,,108001.0,0.6328125,0.6432226300239563,0.6229166388511658,0.6551494598388672,571,1568664761,2,1
109001,1920,1635015,209281920,23520,0.6229166388511658,128,109000,0.599146842956543,1920,17,1,500000,1000,,109001.0,0.6302083134651184,0.6432146430015564,0.625,0.6553995013237,576,1568664761,2,1
110001,1920,1650015,211201920,23520,0.625,128,110000,0.6040048599243164,1920,17,1,500000,1000,,110001.0,0.6291666626930237,0.6432154774665833,0.6229166388511658,0.6556360125541687,580,1568664761,2,1
111001,1920,1665015,213121920,23520,0.6229166388511658,128,111000,0.6087417602539062,1920,17,1,500000,1000,,111001.0,0.6302083134651184,0.6432157158851624,0.625,0.6555156707763672,585,1568664761,2,1
112001,1920,1680015,215041920,23520,0.625,128,112000,0.6135265827178955,1920,17,1,500000,1000,,112001.0,0.6307291388511658,0.6432197093963623,0.6229166388511658,0.6555351614952087,590,1568664761,2,1
113001,1920,1695015,216961920,23520,0.6229166388511658,128,113000,0.6182847023010254,1920,17,1,500000,1000,,113001.0,0.6322916746139526,0.643218457698822,0.6229166388511658,0.6555007696151733,595,1568664761,2,1
114001,1920,1710015,218881920,23520,0.6229166388511658,128,114000,0.6229734420776367,1920,17,1,500000,1000,,114001.0,0.6286458373069763,0.6432175040245056,0.625,0.6555653214454651,599,1568664761,2,1
115001,1920,1725015,220801920,23520,0.625,128,115000,0.6278905868530273,1920,17,1,500000,1000,,115001.0,0.6307291388511658,0.6432158946990967,0.625,0.6554399132728577,604,1568664761,2,1
116001,1920,1740015,222721920,23520,0.625,128,116000,0.6327507495880127,1920,17,1,500000,1000,,116001.0,0.6286458373069763,0.6432198286056519,0.6229166388511658,0.6551312208175659,609,1568664761,2,1
117001,1920,1755015,224641920,23520,0.6229166388511658,128,117000,0.6374707221984863,1920,17,1,500000,1000,,117001.0,0.629687488079071,0.6432177424430847,0.625,0.6553468704223633,614,1568664761,2,1
118001,1920,1770015,226561920,23520,0.625,128,118000,0.6421546936035156,1920,17,1,500000,1000,,118001.0,0.629687488079071,0.6432218551635742,0.6291666626930237,0.6550020575523376,619,1568664761,2,1
119001,1920,1785015,228481920,23520,0.6291666626930237,128,119000,0.6469614505767822,1920,17,1,500000,1000,,119001.0,0.6307291388511658,0.6432172060012817,0.6229166388511658,0.6554312109947205,623,1568664761,2,1
120001,1920,1800015,230401920,23520,0.6229166388511658,128,120000,0.6523416042327881,1920,17,1,500000,1000,,120001.0,0.6291666626930237,0.6432173252105713,0.625,0.6553676128387451,628,1568664761,2,1
121001,1920,1815015,232321920,23520,0.625,128,121000,0.657172679901123,1920,17,1,500000,1000,,121001.0,0.6307291388511658,0.6432186961174011,0.625,0.6551474332809448,633,1568664761,2,1
122001,1920,1830015,234241920,23520,0.625,128,122000,0.661839485168457,1920,17,1,500000,1000,,122001.0,0.629687488079071,0.6432203650474548,0.625,0.6551873087882996,638,1568664761,2,1
123001,1920,1845015,236161920,23520,0.625,128,123000,0.6668105125427246,1920,17,1,500000,1000,,123001.0,0.6302083134651184,0.643222987651825,0.625,0.6560019850730896,643,1568664761,2,1
124001,1920,1860015,238081920,23520,0.625,128,124000,0.671656608581543,1920,17,1,500000,1000,,124001.0,0.6307291388511658,0.6432169079780579,0.6229166388511658,0.6556864380836487,648,1568664761,2,1
125001,1920,1875015,240001920,23520,0.6229166388511658,128,125000,0.6764886379241943,1920,17,1,500000,1000,,125001.0,0.6286458373069763,0.6432164311408997,0.625,0.6553573608398438,652,1568664761,2,1
126001,1920,1890015,241921920,23520,0.625,128,126000,0.6812624931335449,1920,17,1,500000,1000,,126001.0,0.6317708492279053,0.6432268619537354,0.6229166388511658,0.6557794213294983,657,1568664761,2,1
127001,1920,1905015,243841920,23520,0.6229166388511658,128,127000,0.6859025955200195,1920,17,1,500000,1000,,127001.0,0.6317708492279053,0.6432166695594788,0.6208333373069763,0.6557119488716125,662,1568664761,2,1
128001,1920,1920015,245761920,23520,0.6208333373069763,128,128000,0.6905746459960938,1920,17,1,500000,1000,,128001.0,0.6338541507720947,0.6432165503501892,0.625,0.6554757952690125,667,1568664761,2,1
129001,1920,1935015,247681920,23520,0.625,128,129000,0.6952395439147949,1920,17,1,500000,1000,,129001.0,0.6317708492279053,0.6432176828384399,0.625,0.6557461619377136,671,1568664761,2,1
130001,1920,1950015,249601920,23520,0.625,128,130000,0.7000837326049805,1920,17,1,500000,1000,,130001.0,0.6302083134651184,0.6432198882102966,0.625,0.6557102203369141,676,1568664761,2,1
131001,1920,1965015,251521920,23520,0.625,128,131000,0.7047195434570312,1920,17,1,500000,1000,,131001.0,0.6307291388511658,0.6432182192802429,0.625,0.655188798904419,681,1568664761,2,1
132001,1920,1980015,253441920,23520,0.625,128,132000,0.7095024585723877,1920,17,1,500000,1000,,132001.0,0.6302083134651184,0.6432144045829773,0.625,0.6555651426315308,686,1568664761,2,1
133001,1920,1995015,255361920,23520,0.625,128,133000,0.7141842842102051,1920,17,1,500000,1000,,133001.0,0.6312500238418579,0.6432148218154907,0.625,0.6555061936378479,690,1568664761,2,1
134001,1920,2010015,257281920,23520,0.625,128,134000,0.718942403793335,1920,17,1,500000,1000,,134001.0,0.6312500238418579,0.6432215571403503,0.625,0.6550524234771729,695,1568664761,2,1
135001,1920,2025015,259201920,23520,0.625,128,135000,0.7238013744354248,1920,17,1,500000,1000,,135001.0,0.6322916746139526,0.6432211995124817,0.625,0.6553283333778381,700,1568664761,2,1
136001,1920,2040015,261121920,23520,0.625,128,136000,0.7284531593322754,1920,17,1,500000,1000,,136001.0,0.6302083134651184,0.6432168483734131,0.625,0.6554101705551147,705,1568664761,2,1
137001,1920,2055015,263041920,23520,0.625,128,137000,0.733100175857544,1920,17,1,500000,1000,,137001.0,0.6291666626930237,0.6432167291641235,0.6291666626930237,0.6552448272705078,709,1568664761,2,1
138001,1920,2070015,264961920,23520,0.6291666626930237,128,138000,0.7378084659576416,1920,17,1,500000,1000,,138001.0,0.6286458373069763,0.6432191729545593,0.625,0.6555234789848328,714,1568664761,2,1
139001,1920,2085015,266881920,23520,0.625,128,139000,0.7424843311309814,1920,17,1,500000,1000,,139001.0,0.6328125,0.6432178020477295,0.6229166388511658,0.6553742289543152,719,1568664761,2,1
140001,1920,2100015,268801920,23520,0.6229166388511658,128,140000,0.7471432685852051,1920,17,1,500000,1000,,140001.0,0.6302083134651184,0.6432150602340698,0.625,0.6554635167121887,724,1568664761,2,1
141001,1920,2115015,270721920,23520,0.625,128,141000,0.7518503665924072,1920,17,1,500000,1000,,141001.0,0.629687488079071,0.6432183384895325,0.625,0.6552773118019104,728,1568664761,2,1
142001,1920,2130015,272641920,23520,0.625,128,142000,0.7566065788269043,1920,17,1,500000,1000,,142001.0,0.629687488079071,0.6432148814201355,0.625,0.6555507183074951,733,1568664761,2,1
143001,1920,2145015,274561920,23520,0.625,128,143000,0.7612936496734619,1920,17,1,500000,1000,,143001.0,0.6307291388511658,0.6432179808616638,0.625,0.6554163098335266,738,1568664761,2,1
144001,1920,2160015,276481920,23520,0.625,128,144000,0.766075849533081,1920,17,1,500000,1000,,144001.0,0.6307291388511658,0.6432142853736877,0.625,0.6552998423576355,743,1568664761,2,1
145001,1920,2175015,278401920,23520,0.625,128,145000,0.7708466053009033,1920,17,1,500000,1000,,145001.0,0.6302083134651184,0.6432152986526489,0.6229166388511658,0.6555561423301697,748,1568664761,2,1
146001,1920,2190015,280321920,23520,0.6229166388511658,128,146000,0.7757697105407715,1920,17,1,500000,1000,,146001.0,0.6302083134651184,0.6432163119316101,0.625,0.6556131839752197,752,1568664761,2,1
147001,1920,2205015,282241920,23520,0.625,128,147000,0.7804584503173828,1920,17,1,500000,1000,,147001.0,0.6291666626930237,0.6432158946990967,0.6291666626930237,0.6553462147712708,757,1568664761,2,1
148001,1920,2220015,284161920,23520,0.6291666626930237,128,148000,0.7851362228393555,1920,17,1,500000,1000,,148001.0,0.628125011920929,0.6432196497917175,0.6291666626930237,0.6555188298225403,762,1568664761,2,1
149001,1920,2235015,286081920,23520,0.6291666626930237,128,149000,0.7898392677307129,1920,17,1,500000,1000,,149001.0,0.6291666626930237,0.6432193517684937,0.625,0.6555951237678528,767,1568664761,2,1
150001,1920,2250015,288001920,23520,0.625,128,150000,0.7945482730865479,1920,17,1,500000,1000,,150001.0,0.6286458373069763,0.6432165503501892,0.625,0.6552603244781494,771,1568664761,2,1
151001,1920,2265015,289921920,23520,0.625,128,151000,0.7992453575134277,1920,17,1,500000,1000,,151001.0,0.6302083134651184,0.6432191133499146,0.625,0.6556813716888428,776,1568664761,2,1
152001,1920,2280015,291841920,23520,0.625,128,152000,0.8039662837982178,1920,17,1,500000,1000,,152001.0,0.6312500238418579,0.6432173848152161,0.625,0.6553714275360107,781,1568664761,2,1
153001,1920,2295015,293761920,23520,0.625,128,153000,0.808699369430542,1920,17,1,500000,1000,,153001.0,0.6286458373069763,0.6432180404663086,0.625,0.6553414463996887,786,1568664761,2,1
154001,1920,2310015,295681920,23520,0.625,128,154000,0.8133714199066162,1920,17,1,500000,1000,,154001.0,0.6286458373069763,0.643218994140625,0.6229166388511658,0.6553839445114136,791,1568664761,2,1
155001,1920,2325015,297601920,23520,0.6229166388511658,128,155000,0.8182814121246338,1920,17,1,500000,1000,,155001.0,0.6291666626930237,0.6432161927223206,0.625,0.6552209854125977,795,1568664761,2,1
156001,1920,2340015,299521920,23520,0.625,128,156000,0.8230514526367188,1920,17,1,500000,1000,,156001.0,0.6322916746139526,0.6432151794433594,0.625,0.6554231643676758,800,1568664761,2,1
157001,1920,2355015,301441920,23520,0.625,128,157000,0.8280932903289795,1920,17,1,500000,1000,,157001.0,0.6312500238418579,0.643217146396637,0.625,0.6555957794189453,805,1568664761,2,1
158001,1920,2370015,303361920,23520,0.625,128,158000,0.8332712650299072,1920,17,1,500000,1000,,158001.0,0.6302083134651184,0.6432207226753235,0.625,0.6553545594215393,810,1568664761,2,1
159001,1920,2385015,305281920,23520,0.625,128,159000,0.8380472660064697,1920,17,1,500000,1000,,159001.0,0.6286458373069763,0.6432178020477295,0.6291666626930237,0.6554650068283081,815,1568664761,2,1
160001,1920,2400015,307201920,23520,0.6291666626930237,128,160000,0.84275221824646,1920,17,1,500000,1000,,160001.0,0.628125011920929,0.6432225704193115,0.6291666626930237,0.6551099419593811,820,1568664761,2,1
161001,1920,2415015,309121920,23520,0.6291666626930237,128,161000,0.84747314453125,1920,17,1,500000,1000,,161001.0,0.628125011920929,0.6432197690010071,0.6229166388511658,0.6554281711578369,824,1568664761,2,1
162001,1920,2430015,311041920,23520,0.6229166388511658,128,162000,0.8522250652313232,1920,17,1,500000,1000,,162001.0,0.6276041865348816,0.6432145833969116,0.625,0.6552064418792725,829,1568664761,2,1
163001,1920,2445015,312961920,23520,0.625,128,163000,0.8570430278778076,1920,17,1,500000,1000,,163001.0,0.6322916746139526,0.6432229280471802,0.6208333373069763,0.6556642651557922,834,1568664761,2,1
164001,1920,2460015,314881920,23520,0.6208333373069763,128,164000,0.8619499206542969,1920,17,1,500000,1000,,164001.0,0.6307291388511658,0.6432169079780579,0.625,0.6554479598999023,839,1568664761,2,1
165001,1920,2475015,316801920,23520,0.625,128,165000,0.8666858673095703,1920,17,1,500000,1000,,165001.0,0.6322916746139526,0.643214225769043,0.625,0.6554888486862183,844,1568664761,2,1
166001,1920,2490015,318721920,23520,0.625,128,166000,0.8714540004730225,1920,17,1,500000,1000,,166001.0,0.6302083134651184,0.6432185769081116,0.6270833611488342,0.6554983854293823,848,1568664761,2,1
167001,1920,2505015,320641920,23520,0.6270833611488342,128,167000,0.8805990219116211,1920,17,1,500000,1000,,167001.0,0.6317708492279053,0.6432170867919922,0.625,0.6555647253990173,853,1568664761,2,1
168001,1920,2520015,322561920,23520,0.625,128,168000,0.8853170871734619,1920,17,1,500000,1000,,168001.0,0.6328125,0.6432167291641235,0.625,0.6552326679229736,859,1568664761,2,1
169001,1920,2535015,324481920,23520,0.625,128,169000,0.8899703025817871,1920,17,1,500000,1000,,169001.0,0.6312500238418579,0.6432241201400757,0.6229166388511658,0.6555368900299072,864,1568664761,2,1
170001,1920,2550015,326401920,23520,0.6229166388511658,128,170000,0.8946700096130371,1920,17,1,500000,1000,,170001.0,0.629687488079071,0.6432216763496399,0.625,0.6553027033805847,869,1568664761,2,1
171001,1920,2565015,328321920,23520,0.625,128,171000,0.8993799686431885,1920,17,1,500000,1000,,171001.0,0.629687488079071,0.6432230472564697,0.625,0.6553331017494202,874,1568664761,2,1
172001,1920,2580015,330241920,23520,0.625,128,172000,0.9040749073028564,1920,17,1,500000,1000,,172001.0,0.6307291388511658,0.643216073513031,0.6229166388511658,0.655620276927948,878,1568664761,2,1
173001,1920,2595015,332161920,23520,0.6229166388511658,128,173000,0.9087679386138916,1920,17,1,500000,1000,,173001.0,0.6312500238418579,0.6432239413261414,0.6208333373069763,0.655916154384613,883,1568664761,2,1
174001,1920,2610015,334081920,23520,0.6208333373069763,128,174000,0.913377046585083,1920,17,1,500000,1000,,174001.0,0.6317708492279053,0.6432145833969116,0.625,0.655582070350647,888,1568664761,2,1
175001,1920,2625015,336001920,23520,0.625,128,175000,0.9180872440338135,1920,17,1,500000,1000,,175001.0,0.6322916746139526,0.6432138085365295,0.625,0.6555334329605103,893,1568664761,2,1
176001,1920,2640015,337921920,23520,0.625,128,176000,0.9228060245513916,1920,17,1,500000,1000,,176001.0,0.6317708492279053,0.6432215571403503,0.6229166388511658,0.655783474445343,897,1568664761,2,1
177001,1920,2655015,339841920,23520,0.6229166388511658,128,177000,0.9275109767913818,1920,17,1,500000,1000,,177001.0,0.6317708492279053,0.6432213187217712,0.6291666626930237,0.6553935408592224,902,1568664761,2,1
178001,1920,2670015,341761920,23520,0.6291666626930237,128,178000,0.9321649074554443,1920,17,1,500000,1000,,178001.0,0.6312500238418579,0.6432197690010071,0.625,0.6553543210029602,907,1568664761,2,1
179001,1920,2685015,343681920,23520,0.625,128,179000,0.9369277954101562,1920,17,1,500000,1000,,179001.0,0.6317708492279053,0.6432164907455444,0.625,0.6556024551391602,912,1568664761,2,1
180001,1920,2700015,345601920,23520,0.625,128,180000,0.9417867660522461,1920,17,1,500000,1000,,180001.0,0.629687488079071,0.6432186961174011,0.625,0.6552351713180542,917,1568664761,2,1
181001,1920,2715015,347521920,23520,0.625,128,181000,0.9464356899261475,1920,17,1,500000,1000,,181001.0,0.6317708492279053,0.643225371837616,0.6208333373069763,0.6555061936378479,921,1568664761,2,1
182001,1920,2730015,349441920,23520,0.6208333373069763,128,182000,0.9510715007781982,1920,17,1,500000,1000,,182001.0,0.6307291388511658,0.6432157754898071,0.625,0.6554700136184692,926,1568664761,2,1
183001,1920,2745015,351361920,23520,0.625,128,183000,0.9557695388793945,1920,17,1,500000,1000,,183001.0,0.6322916746139526,0.6432188153266907,0.6229166388511658,0.655518114566803,931,1568664761,2,1
184001,1920,2760015,353281920,23520,0.6229166388511658,128,184000,0.9606926441192627,1920,17,1,500000,1000,,184001.0,0.628125011920929,0.6432162523269653,0.6229166388511658,0.6554185152053833,936,1568664761,2,1
185001,1920,2775015,355201920,23520,0.6229166388511658,128,185000,0.9653768539428711,1920,17,1,500000,1000,,185001.0,0.628125011920929,0.6432237029075623,0.6229166388511658,0.6550838351249695,940,1568664761,2,1
186001,1920,2790015,357121920,23520,0.6229166388511658,128,186000,0.9713618755340576,1920,17,1,500000,1000,,186001.0,0.6286458373069763,0.643219530582428,0.625,0.6552180051803589,945,1568664761,2,1
187001,1920,2805015,359041920,23520,0.625,128,187000,0.9762108325958252,1920,17,1,500000,1000,,187001.0,0.6317708492279053,0.6432222127914429,0.625,0.6554243564605713,950,1568664761,2,1
188001,1920,2820015,360961920,23520,0.625,128,188000,0.9811527729034424,1920,17,1,500000,1000,,188001.0,0.6286458373069763,0.643219530582428,0.625,0.6553484797477722,955,1568664761,2,1
189001,1920,2835015,362881920,23520,0.625,128,189000,0.9859917163848877,1920,17,1,500000,1000,,189001.0,0.6286458373069763,0.6432207226753235,0.625,0.6554749608039856,959,1568664761,2,1
190001,1920,2850015,364801920,23520,0.625,128,190000,0.9907016754150391,1920,17,1,500000,1000,,190001.0,0.6322916746139526,0.6432161927223206,0.625,0.655658483505249,964,1568664761,2,1
191001,1920,2865015,366721920,23520,0.625,128,191000,0.9953536987304688,1920,17,1,500000,1000,,191001.0,0.6302083134651184,0.6432182192802429,0.6229166388511658,0.6553748846054077,969,1568664761,2,1
192001,1920,2880015,368641920,23520,0.6229166388511658,128,192000,1.0001707077026367,1920,17,1,500000,1000,,192001.0,0.6302083134651184,0.6432230472564697,0.6229166388511658,0.6558030247688293,974,1568664761,2,1
193001,1920,2895015,370561920,23520,0.6229166388511658,128,193000,1.0049433708190918,1920,17,1,500000,1000,,193001.0,0.6276041865348816,0.643223226070404,0.6291666626930237,0.6551198363304138,978,1568664761,2,1
194001,1920,2910015,372481920,23520,0.6291666626930237,128,194000,1.0096335411071777,1920,17,1,500000,1000,,194001.0,0.6270833611488342,0.6432188153266907,0.6291666626930237,0.6555684804916382,983,1568664761,2,1
195001,1920,2925015,374401920,23520,0.6291666626930237,128,195000,1.0143563747406006,1920,17,1,500000,1000,,195001.0,0.6333333253860474,0.6432152986526489,0.625,0.6553884148597717,988,1568664761,2,1
196001,1920,2940015,376321920,23520,0.625,128,196000,1.019033432006836,1920,17,1,500000,1000,,196001.0,0.6302083134651184,0.6432176232337952,0.6291666626930237,0.6555092334747314,993,1568664761,2,1
197001,1920,2955015,378241920,23520,0.6291666626930237,128,197000,1.0237205028533936,1920,17,1,500000,1000,,197001.0,0.629687488079071,0.6432178020477295,0.625,0.6553024053573608,997,1568664761,2,1
198001,1920,2970015,380161920,23520,0.625,128,198000,1.027545690536499,1920,17,1,500000,1000,,198001.0,0.6328125,0.6432209014892578,0.625,0.6553060412406921,1002,1568664761,2,1
199001,1920,2985015,382081920,23520,0.625,128,199000,1.0311408042907715,1920,17,1,500000,1000,,199001.0,0.6317708492279053,0.6432144641876221,0.625,0.6555569171905518,1006,1568664761,2,1
200001,1920,3000015,384001920,23520,0.625,128,200000,1.034726619720459,1920,17,1,500000,1000,,200001.0,0.6322916746139526,0.6432159543037415,0.625,0.6554879546165466,1009,1568664761,2,1
201001,1920,3015015,385921920,23520,0.625,128,201000,1.0383715629577637,1920,17,1,500000,1000,,201001.0,0.6317708492279053,0.643218994140625,0.6229166388511658,0.6554178595542908,1013,1568664761,2,1
202001,1920,3030015,387841920,23520,0.6229166388511658,128,202000,1.0419576168060303,1920,17,1,500000,1000,,202001.0,0.6317708492279053,0.643218457698822,0.6229166388511658,0.6557943820953369,1017,1568664761,2,1
203001,1920,3045015,389761920,23520,0.6229166388511658,128,203000,1.0455906391143799,1920,17,1,500000,1000,,203001.0,0.6322916746139526,0.6432235836982727,0.6208333373069763,0.6555842757225037,1020,1568664761,2,1
204001,1920,3060015,391681920,23520,0.6208333373069763,128,204000,1.0492753982543945,1920,17,1,500000,1000,,204001.0,0.6312500238418579,0.6432152986526489,0.625,0.6555615067481995,1024,1568664761,2,1
205001,1920,3075015,393601920,23520,0.625,128,205000,1.0528795719146729,1920,17,1,500000,1000,,205001.0,0.6322916746139526,0.6432220339775085,0.6229166388511658,0.6556398868560791,1028,1568664761,2,1
206001,1920,3090015,395521920,23520,0.6229166388511658,128,206000,1.056837558746338,1920,17,1,500000,1000,,206001.0,0.629687488079071,0.6432145237922668,0.6291666626930237,0.6551892757415771,1031,1568664761,2,1
207001,1920,3105015,397441920,23520,0.6291666626930237,128,207000,1.0605266094207764,1920,17,1,500000,1000,,207001.0,0.6302083134651184,0.6432143449783325,0.6229166388511658,0.6554625630378723,1035,1568664761,2,1
208001,1920,3120015,399361920,23520,0.6229166388511658,128,208000,1.064178228378296,1920,17,1,500000,1000,,208001.0,0.6302083134651184,0.6432174444198608,0.625,0.6554834246635437,1039,1568664761,2,1
209001,1920,3135015,401281920,23520,0.625,128,209000,1.068028450012207,1920,17,1,500000,1000,,209001.0,0.6307291388511658,0.6432151198387146,0.6229166388511658,0.655414342880249,1042,1568664761,2,1
210001,1920,3150015,403201920,23520,0.6229166388511658,128,210000,1.0717041492462158,1920,17,1,500000,1000,,210001.0,0.6317708492279053,0.6432172656059265,0.625,0.6553176641464233,1046,1568664761,2,1
211001,1920,3165015,405121920,23520,0.625,128,211000,1.0752832889556885,1920,17,1,500000,1000,,211001.0,0.6312500238418579,0.6432197690010071,0.625,0.6551540493965149,1050,1568664761,2,1
212001,1920,3180015,407041920,23520,0.625,128,212000,1.0788474082946777,1920,17,1,500000,1000,,212001.0,0.6317708492279053,0.6432179808616638,0.625,0.6553533673286438,1053,1568664761,2,1
213001,1920,3195015,408961920,23520,0.625,128,213000,1.0824384689331055,1920,17,1,500000,1000,,213001.0,0.6291666626930237,0.6432168483734131,0.625,0.6553633809089661,1057,1568664761,2,1
214001,1920,3210015,410881920,23520,0.625,128,214000,1.0860323905944824,1920,17,1,500000,1000,,214001.0,0.6312500238418579,0.6432210803031921,0.625,0.6552597880363464,1060,1568664761,2,1
215001,1920,3225015,412801920,23520,0.625,128,215000,1.0896985530853271,1920,17,1,500000,1000,,215001.0,0.6322916746139526,0.643217921257019,0.625,0.6552541255950928,1064,1568664761,2,1
216001,1920,3240015,414721920,23520,0.625,128,216000,1.0934796333312988,1920,17,1,500000,1000,,216001.0,0.6302083134651184,0.6432263255119324,0.6229166388511658,0.6555333733558655,1068,1568664761,2,1
217001,1920,3255015,416641920,23520,0.6229166388511658,128,217000,1.0970919132232666,1920,17,1,500000,1000,,217001.0,0.6307291388511658,0.6432160139083862,0.625,0.6555110216140747,1072,1568664761,2,1
218001,1920,3270015,418561920,23520,0.625,128,218000,1.1006648540496826,1920,17,1,500000,1000,,218001.0,0.6307291388511658,0.6432181000709534,0.625,0.6551743745803833,1075,1568664761,2,1
219001,1920,3285015,420481920,23520,0.625,128,219000,1.1043767929077148,1920,17,1,500000,1000,,219001.0,0.628125011920929,0.6432151198387146,0.6229166388511658,0.6554954648017883,1079,1568664761,2,1
220001,1920,3300015,422401920,23520,0.6229166388511658,128,220000,1.108550786972046,1920,17,1,500000,1000,,220001.0,0.6302083134651184,0.6432222127914429,0.625,0.6552304029464722,1083,1568664761,2,1
221001,1920,3315015,424321920,23520,0.625,128,221000,1.112480640411377,1920,17,1,500000,1000,,221001.0,0.6312500238418579,0.6432157754898071,0.6229166388511658,0.6556226015090942,1087,1568664761,2,1
222001,1920,3330015,426241920,23520,0.6229166388511658,128,222000,1.1160874366760254,1920,17,1,500000,1000,,222001.0,0.6302083134651184,0.6432161331176758,0.625,0.6554514765739441,1091,1568664761,2,1
223001,1920,3345015,428161920,23520,0.625,128,223000,1.1199803352355957,1920,17,1,500000,1000,,223001.0,0.629687488079071,0.6432212591171265,0.625,0.6555131673812866,1094,1568664761,2,1
224001,1920,3360015,430081920,23520,0.625,128,224000,1.1235482692718506,1920,17,1,500000,1000,,224001.0,0.6328125,0.6432150602340698,0.6208333373069763,0.6552355289459229,1098,1568664761,2,1
225001,1920,3375015,432001920,23520,0.6208333373069763,128,225000,1.1271233558654785,1920,17,1,500000,1000,,225001.0,0.6312500238418579,0.6432161927223206,0.6208333373069763,0.6555036902427673,1102,1568664761,2,1
226001,1920,3390015,433921920,23520,0.6208333373069763,128,226000,1.1307041645050049,1920,17,1,500000,1000,,226001.0,0.6312500238418579,0.6432181000709534,0.6166666746139526,0.6558355689048767,1105,1568664761,2,1
227001,1920,3405015,435841920,23520,0.6166666746139526,128,227000,1.1343131065368652,1920,17,1,500000,1000,,227001.0,0.629687488079071,0.6432190537452698,0.625,0.6550100445747375,1109,1568664761,2,1
228001,1920,3420015,437761920,23520,0.625,128,228000,1.138413906097412,1920,17,1,500000,1000,,228001.0,0.629687488079071,0.6432178616523743,0.625,0.6554610133171082,1113,1568664761,2,1
229001,1920,3435015,439681920,23520,0.625,128,229000,1.1420319080352783,1920,17,1,500000,1000,,229001.0,0.6317708492279053,0.643219530582428,0.625,0.6554450392723083,1117,1568664761,2,1
230001,1920,3450015,441601920,23520,0.625,128,230000,1.1456120014190674,1920,17,1,500000,1000,,230001.0,0.6302083134651184,0.6432273983955383,0.625,0.6555212736129761,1121,1568664761,2,1
231001,1920,3465015,443521920,23520,0.625,128,231000,1.149893045425415,1920,17,1,500000,1000,,231001.0,0.628125011920929,0.6432193517684937,0.625,0.6554321646690369,1125,1568664761,2,1
232001,1920,3480015,445441920,23520,0.625,128,232000,1.1540300846099854,1920,17,1,500000,1000,,232001.0,0.6291666626930237,0.6432241201400757,0.625,0.6554118394851685,1129,1568664761,2,1
233001,1920,3495015,447361920,23520,0.625,128,233000,1.1577720642089844,1920,17,1,500000,1000,,233001.0,0.6307291388511658,0.643221914768219,0.625,0.6553542017936707,1133,1568664761,2,1
234001,1920,3510015,449281920,23520,0.625,128,234000,1.161703109741211,1920,17,1,500000,1000,,234001.0,0.6291666626930237,0.6432230472564697,0.6187499761581421,0.6558001637458801,1137,1568664761,2,1
235001,1920,3525015,451201920,23520,0.6187499761581421,128,235000,1.165769100189209,1920,17,1,500000,1000,,235001.0,0.6286458373069763,0.6432157158851624,0.6291666626930237,0.6555395722389221,1141,1568664761,2,1
236001,1920,3540015,453121920,23520,0.6291666626930237,128,236000,1.170093297958374,1920,17,1,500000,1000,,236001.0,0.6322916746139526,0.6432161331176758,0.625,0.6554984450340271,1144,1568664761,2,1
237001,1920,3555015,455041920,23520,0.625,128,237000,1.173692226409912,1920,17,1,500000,1000,,237001.0,0.628125011920929,0.6432173252105713,0.6229166388511658,0.6553628444671631,1148,1568664761,2,1
238001,1920,3570015,456961920,23520,0.6229166388511658,128,238000,1.1776690483093262,1920,17,1,500000,1000,,238001.0,0.6307291388511658,0.6432182192802429,0.625,0.655373215675354,1152,1568664761,2,1
239001,1920,3585015,458881920,23520,0.625,128,239000,1.1812798976898193,1920,17,1,500000,1000,,239001.0,0.6291666626930237,0.6432194113731384,0.6229166388511658,0.6554090976715088,1156,1568664761,2,1
240001,1920,3600015,460801920,23520,0.6229166388511658,128,240000,1.1852359771728516,1920,17,1,500000,1000,,240001.0,0.6307291388511658,0.6432145237922668,0.625,0.6555196046829224,1160,1568664761,2,1
241001,1920,3615015,462721920,23520,0.625,128,241000,1.1896209716796875,1920,17,1,500000,1000,,241001.0,0.6302083134651184,0.6432196497917175,0.6291666626930237,0.6552200317382812,1165,1568664761,2,1
242001,1920,3630015,464641920,23520,0.6291666626930237,128,242000,1.193347692489624,1920,17,1,500000,1000,,242001.0,0.6307291388511658,0.6432173252105713,0.6270833611488342,0.655368983745575,1168,1568664761,2,1
243001,1920,3645015,466561920,23520,0.6270833611488342,128,243000,1.197530746459961,1920,17,1,500000,1000,,243001.0,0.6312500238418579,0.643223226070404,0.6312500238418579,0.6553822159767151,1172,1568664761,2,1
244001,1920,3660015,468481920,23520,0.6312500238418579,128,244000,1.201169729232788,1920,17,1,500000,1000,,244001.0,0.6302083134651184,0.6432196497917175,0.625,0.6553939580917358,1176,1568664761,2,1
245001,1920,3675015,470401920,23520,0.625,128,245000,1.2048046588897705,1920,17,1,500000,1000,,245001.0,0.6317708492279053,0.6432170271873474,0.625,0.6553553342819214,1180,1568664761,2,1
246001,1920,3690015,472321920,23520,0.625,128,246000,1.2084038257598877,1920,17,1,500000,1000,,246001.0,0.629687488079071,0.6432144045829773,0.6229166388511658,0.6554710865020752,1184,1568664761,2,1
247001,1920,3705015,474241920,23520,0.6229166388511658,128,247000,1.2121937274932861,1920,17,1,500000,1000,,247001.0,0.6302083134651184,0.6432162523269653,0.6291666626930237,0.6553018093109131,1187,1568664761,2,1
248001,1920,3720015,476161920,23520,0.6291666626930237,128,248000,1.2157938480377197,1920,17,1,500000,1000,,248001.0,0.6286458373069763,0.6432161331176758,0.625,0.6553134918212891,1191,1568664761,2,1
249001,1920,3735015,478081920,23520,0.625,128,249000,1.2197282314300537,1920,17,1,500000,1000,,249001.0,0.6291666626930237,0.6432155966758728,0.6229166388511658,0.6555741429328918,1195,1568664761,2,1
250001,1920,3750015,480001920,23520,0.6229166388511658,128,250000,1.2233211994171143,1920,17,1,500000,1000,,250001.0,0.6317708492279053,0.6432146430015564,0.6229166388511658,0.6552734375,1198,1568664761,2,1
251001,1920,3765015,481921920,23520,0.6229166388511658,128,251000,1.2269601821899414,1920,17,1,500000,1000,,251001.0,0.6328125,0.6432168483734131,0.625,0.6553587317466736,1202,1568664761,2,1
252001,1920,3780015,483841920,23520,0.625,128,252000,1.2305712699890137,1920,17,1,500000,1000,,252001.0,0.6291666626930237,0.643220841884613,0.6229166388511658,0.6554125547409058,1206,1568664761,2,1
253001,1920,3795015,485761920,23520,0.6229166388511658,128,253000,1.234194278717041,1920,17,1,500000,1000,,253001.0,0.6312500238418579,0.6432163119316101,0.625,0.6552842855453491,1209,1568664761,2,1
254001,1920,3810015,487681920,23520,0.625,128,254000,1.2379603385925293,1920,17,1,500000,1000,,254001.0,0.629687488079071,0.6432179808616638,0.6270833611488342,0.6553316116333008,1213,1568664761,2,1
255001,1920,3825015,489601920,23520,0.6270833611488342,128,255000,1.241762399673462,1920,17,1,500000,1000,,255001.0,0.6307291388511658,0.6432161331176758,0.6229166388511658,0.6554043292999268,1217,1568664761,2,1
256001,1920,3840015,491521920,23520,0.6229166388511658,128,256000,1.2453663349151611,1920,17,1,500000,1000,,256001.0,0.6322916746139526,0.6432139277458191,0.625,0.6556234359741211,1220,1568664761,2,1
257001,1920,3855015,493441920,23520,0.625,128,257000,1.2489345073699951,1920,17,1,500000,1000,,257001.0,0.6291666626930237,0.6432229280471802,0.6229166388511658,0.6557748317718506,1224,1568664761,2,1
258001,1920,3870015,495361920,23520,0.6229166388511658,128,258000,1.2528634071350098,1920,17,1,500000,1000,,258001.0,0.6317708492279053,0.6432197690010071,0.625,0.6554155945777893,1228,1568664761,2,1
259001,1920,3885015,497281920,23520,0.625,128,259000,1.2564623355865479,1920,17,1,500000,1000,,259001.0,0.629687488079071,0.6432170867919922,0.6229166388511658,0.6553360819816589,1232,1568664761,2,1
260001,1920,3900015,499201920,23520,0.6229166388511658,128,260000,1.2601580619812012,1920,17,1,500000,1000,,260001.0,0.6286458373069763,0.6432221531867981,0.625,0.6557139158248901,1236,1568664761,2,1
261001,1920,3915015,501121920,23520,0.625,128,261000,1.2641520500183105,1920,17,1,500000,1000,,261001.0,0.6286458373069763,0.6432228684425354,0.625,0.6555995941162109,1239,1568664761,2,1
262001,1920,3930015,503041920,23520,0.625,128,262000,1.267815113067627,1920,17,1,500000,1000,,262001.0,0.6328125,0.643218457698822,0.625,0.6555965542793274,1243,1568664761,2,1
263001,1920,3945015,504961920,23520,0.625,128,263000,1.2714159488677979,1920,17,1,500000,1000,,263001.0,0.628125011920929,0.6432186961174011,0.625,0.6554241180419922,1247,1568664761,2,1
264001,1920,3960015,506881920,23520,0.625,128,264000,1.2750236988067627,1920,17,1,500000,1000,,264001.0,0.6307291388511658,0.6432222723960876,0.6229166388511658,0.6554614305496216,1250,1568664761,2,1
265001,1920,3975015,508801920,23520,0.6229166388511658,128,265000,1.278620719909668,1920,17,1,500000,1000,,265001.0,0.6291666626930237,0.6432165503501892,0.6208333373069763,0.6552388668060303,1254,1568664761,2,1
266001,1920,3990015,510721920,23520,0.6208333373069763,128,266000,1.2822375297546387,1920,17,1,500000,1000,,266001.0,0.6302083134651184,0.6432240605354309,0.6229166388511658,0.6552000641822815,1258,1568664761,2,1
267001,1920,4005015,512641920,23520,0.6229166388511658,128,267000,1.285919427871704,1920,17,1,500000,1000,,267001.0,0.6312500238418579,0.6432157754898071,0.625,0.655552327632904,1261,1568664761,2,1
268001,1920,4020015,514561920,23520,0.625,128,268000,1.2896473407745361,1920,17,1,500000,1000,,268001.0,0.6291666626930237,0.6432162523269653,0.6229166388511658,0.6554422378540039,1265,1568664761,2,1
269001,1920,4035015,516481920,23520,0.6229166388511658,128,269000,1.293243408203125,1920,17,1,500000,1000,,269001.0,0.6291666626930237,0.643220841884613,0.6291666626930237,0.6555405259132385,1269,1568664761,2,1
270001,1920,4050015,518401920,23520,0.6291666626930237,128,270000,1.2969162464141846,1920,17,1,500000,1000,,270001.0,0.6286458373069763,0.6432185769081116,0.625,0.655224084854126,1273,1568664761,2,1
271001,1920,4065015,520321920,23520,0.625,128,271000,1.3005294799804688,1920,17,1,500000,1000,,271001.0,0.6317708492279053,0.6432183980941772,0.625,0.6555750966072083,1276,1568664761,2,1
272001,1920,4080015,522241920,23520,0.625,128,272000,1.3042285442352295,1920,17,1,500000,1000,,272001.0,0.6317708492279053,0.6432176828384399,0.625,0.6553836464881897,1280,1568664761,2,1
273001,1920,4095015,524161920,23520,0.625,128,273000,1.307931661605835,1920,17,1,500000,1000,,273001.0,0.6291666626930237,0.643222451210022,0.6229166388511658,0.6552957892417908,1283,1568664761,2,1
274001,1920,4110015,526081920,23520,0.6229166388511658,128,274000,1.3117716312408447,1920,17,1,500000,1000,,274001.0,0.6307291388511658,0.6432178616523743,0.6229166388511658,0.6552648544311523,1287,1568664761,2,1
275001,1920,4125015,528001920,23520,0.6229166388511658,128,275000,1.3153965473175049,1920,17,1,500000,1000,,275001.0,0.6302083134651184,0.6432211995124817,0.6291666626930237,0.6550988554954529,1291,1568664761,2,1
276001,1920,4140015,529921920,23520,0.6291666626930237,128,276000,1.3190135955810547,1920,17,1,500000,1000,,276001.0,0.628125011920929,0.6432178020477295,0.625,0.6554821729660034,1294,1568664761,2,1
277001,1920,4155015,531841920,23520,0.625,128,277000,1.3227875232696533,1920,17,1,500000,1000,,277001.0,0.6286458373069763,0.643222451210022,0.625,0.6552601456642151,1298,1568664761,2,1
278001,1920,4170015,533761920,23520,0.625,128,278000,1.326387643814087,1920,17,1,500000,1000,,278001.0,0.6291666626930237,0.6432221531867981,0.6229166388511658,0.6551715731620789,1302,1568664761,2,1
279001,1920,4185015,535681920,23520,0.6229166388511658,128,279000,1.33003830909729,1920,17,1,500000,1000,,279001.0,0.6302083134651184,0.6432167291641235,0.625,0.6554731130599976,1305,1568664761,2,1
280001,1920,4200015,537601920,23520,0.625,128,280000,1.3336634635925293,1920,17,1,500000,1000,,280001.0,0.6302083134651184,0.6432172656059265,0.6291666626930237,0.6554011106491089,1309,1568664761,2,1
281001,1920,4215015,539521920,23520,0.6291666626930237,128,281000,1.3373124599456787,1920,17,1,500000,1000,,281001.0,0.6333333253860474,0.6432152986526489,0.625,0.6552406549453735,1313,1568664761,2,1
282001,1920,4230015,541441920,23520,0.625,128,282000,1.340895414352417,1920,17,1,500000,1000,,282001.0,0.6302083134651184,0.6432154178619385,0.6229166388511658,0.6554487943649292,1316,1568664761,2,1
283001,1920,4245015,543361920,23520,0.6229166388511658,128,283000,1.344496250152588,1920,17,1,500000,1000,,283001.0,0.6333333253860474,0.6432194113731384,0.625,0.6554836630821228,1320,1568664761,2,1
284001,1920,4260015,545281920,23520,0.625,128,284000,1.3480839729309082,1920,17,1,500000,1000,,284001.0,0.6322916746139526,0.6432176232337952,0.625,0.6556196808815002,1324,1568664761,2,1
285001,1920,4275015,547201920,23520,0.625,128,285000,1.351665735244751,1920,17,1,500000,1000,,285001.0,0.6302083134651184,0.6432181596755981,0.625,0.6556065082550049,1327,1568664761,2,1
286001,1920,4290015,549121920,23520,0.625,128,286000,1.3552298545837402,1920,17,1,500000,1000,,286001.0,0.629687488079071,0.6432253122329712,0.625,0.6558298468589783,1331,1568664761,2,1
287001,1920,4305015,551041920,23520,0.625,128,287000,1.3588500022888184,1920,17,1,500000,1000,,287001.0,0.6302083134651184,0.6432220339775085,0.625,0.6553617119789124,1334,1568664761,2,1
288001,1920,4320015,552961920,23520,0.625,128,288000,1.3624608516693115,1920,17,1,500000,1000,,288001.0,0.6312500238418579,0.6432161927223206,0.625,0.6556441783905029,1338,1568664761,2,1
289001,1920,4335015,554881920,23520,0.625,128,289000,1.366048812866211,1920,17,1,500000,1000,,289001.0,0.6291666626930237,0.6432182788848877,0.6229166388511658,0.6556211113929749,1342,1568664761,2,1
290001,1920,4350015,556801920,23520,0.6229166388511658,128,290000,1.3696210384368896,1920,17,1,500000,1000,,290001.0,0.6302083134651184,0.6432150602340698,0.6229166388511658,0.6553652286529541,1345,1568664761,2,1
291001,1920,4365015,558721920,23520,0.6229166388511658,128,291000,1.3732168674468994,1920,17,1,500000,1000,,291001.0,0.6312500238418579,0.643217921257019,0.625,0.65567946434021,1349,1568664761,2,1
292001,1920,4380015,560641920,23520,0.625,128,292000,1.3768181800842285,1920,17,1,500000,1000,,292001.0,0.6291666626930237,0.6432225704193115,0.6291666626930237,0.6551607847213745,1353,1568664761,2,1
293001,1920,4395015,562561920,23520,0.6291666626930237,128,293000,1.380467176437378,1920,17,1,500000,1000,,293001.0,0.629687488079071,0.6432169079780579,0.625,0.6555313467979431,1356,1568664761,2,1
294001,1920,4410015,564481920,23520,0.625,128,294000,1.3840672969818115,1920,17,1,500000,1000,,294001.0,0.6307291388511658,0.6432148218154907,0.625,0.6551927924156189,1360,1568664761,2,1
295001,1920,4425015,566401920,23520,0.625,128,295000,1.3876821994781494,1920,17,1,500000,1000,,295001.0,0.6317708492279053,0.6432148218154907,0.6229166388511658,0.6554678678512573,1364,1568664761,2,1
296001,1920,4440015,568321920,23520,0.6229166388511658,128,296000,1.3912951946258545,1920,17,1,500000,1000,,296001.0,0.6317708492279053,0.6432157754898071,0.625,0.65559983253479,1367,1568664761,2,1
297001,1920,4455015,570241920,23520,0.625,128,297000,1.394880771636963,1920,17,1,500000,1000,,297001.0,0.6307291388511658,0.6432190537452698,0.6229166388511658,0.6553362011909485,1371,1568664761,2,1
298001,1920,4470015,572161920,23520,0.6229166388511658,128,298000,1.3985185623168945,1920,17,1,500000,1000,,298001.0,0.6307291388511658,0.6432243585586548,0.625,0.6555252075195312,1374,1568664761,2,1
299001,1920,4485015,574081920,23520,0.625,128,299000,1.4068877696990967,1920,17,1,500000,1000,,299001.0,0.628125011920929,0.6432182192802429,0.6229166388511658,0.6551644802093506,1378,1568664761,2,1
300001,1920,4500015,576001920,23520,0.6229166388511658,128,300000,1.4104976654052734,1920,17,1,500000,1000,,300001.0,0.6291666626930237,0.6432183384895325,0.6229166388511658,0.6555817723274231,1382,1568664761,2,1
301001,1920,4515015,577921920,23520,0.6229166388511658,128,301000,1.4141554832458496,1920,17,1,500000,1000,,301001.0,0.6317708492279053,0.6432127356529236,0.625,0.6555591225624084,1386,1568664761,2,1
302001,1920,4530015,579841920,23520,0.625,128,302000,1.417743444442749,1920,17,1,500000,1000,,302001.0,0.6307291388511658,0.6432175040245056,0.625,0.655359148979187,1389,1568664761,2,1
303001,1920,4545015,581761920,23520,0.625,128,303000,1.4213495254516602,1920,17,1,500000,1000,,303001.0,0.6307291388511658,0.643217921257019,0.6208333373069763,0.6556822657585144,1393,1568664761,2,1
304001,1920,4560015,583681920,23520,0.6208333373069763,128,304000,1.4249722957611084,1920,17,1,500000,1000,,304001.0,0.6312500238418579,0.643214225769043,0.6291666626930237,0.6555353403091431,1397,1568664761,2,1
305001,1920,4575015,585601920,23520,0.6291666626930237,128,305000,1.4287352561950684,1920,17,1,500000,1000,,305001.0,0.6312500238418579,0.643215537071228,0.625,0.6554210782051086,1400,1568664761,2,1
306001,1920,4590015,587521920,23520,0.625,128,306000,1.432319164276123,1920,17,1,500000,1000,,306001.0,0.629687488079071,0.6432202458381653,0.6229166388511658,0.6554144024848938,1404,1568664761,2,1
307001,1920,4605015,589441920,23520,0.6229166388511658,128,307000,1.4359562397003174,1920,17,1,500000,1000,,307001.0,0.6270833611488342,0.6432209610939026,0.6291666626930237,0.6555101871490479,1407,1568664761,2,1
308001,1920,4620015,591361920,23520,0.6291666626930237,128,308000,1.4395880699157715,1920,17,1,500000,1000,,308001.0,0.6302083134651184,0.6432212591171265,0.6229166388511658,0.6554549932479858,1411,1568664761,2,1
309001,1920,4635015,593281920,23520,0.6229166388511658,128,309000,1.443211317062378,1920,17,1,500000,1000,,309001.0,0.6291666626930237,0.6432240009307861,0.6270833611488342,0.6554807424545288,1415,1568664761,2,1
310001,1920,4650015,595201920,23520,0.6270833611488342,128,310000,1.4467744827270508,1920,17,1,500000,1000,,310001.0,0.629687488079071,0.6432206630706787,0.625,0.6556050777435303,1418,1568664761,2,1
311001,1920,4665015,597121920,23520,0.625,128,311000,1.4503726959228516,1920,17,1,500000,1000,,311001.0,0.6307291388511658,0.6432189345359802,0.625,0.6555029153823853,1422,1568664761,2,1
312001,1920,4680015,599041920,23520,0.625,128,312000,1.453986644744873,1920,17,1,500000,1000,,312001.0,0.6286458373069763,0.6432225704193115,0.625,0.6556189060211182,1426,1568664761,2,1
313001,1920,4695015,600961920,23520,0.625,128,313000,1.4575767517089844,1920,17,1,500000,1000,,313001.0,0.6302083134651184,0.6432207226753235,0.6270833611488342,0.6554893851280212,1429,1568664761,2,1
314001,1920,4710015,602881920,23520,0.6270833611488342,128,314000,1.4612128734588623,1920,17,1,500000,1000,,314001.0,0.6317708492279053,0.6432166695594788,0.6229166388511658,0.6554082036018372,1433,1568664761,2,1
315001,1920,4725015,604801920,23520,0.6229166388511658,128,315000,1.4648010730743408,1920,17,1,500000,1000,,315001.0,0.6312500238418579,0.6432163119316101,0.625,0.6552870869636536,1437,1568664761,2,1
316001,1920,4740015,606721920,23520,0.625,128,316000,1.468390941619873,1920,17,1,500000,1000,,316001.0,0.6307291388511658,0.6432145833969116,0.625,0.6554542779922485,1440,1568664761,2,1
317001,1920,4755015,608641920,23520,0.625,128,317000,1.4720017910003662,1920,17,1,500000,1000,,317001.0,0.629687488079071,0.6432151198387146,0.625,0.6551113128662109,1444,1568664761,2,1
318001,1920,4770015,610561920,23520,0.625,128,318000,1.4755737781524658,1920,17,1,500000,1000,,318001.0,0.6322916746139526,0.6432210206985474,0.625,0.6553167700767517,1448,1568664761,2,1
319001,1920,4785015,612481920,23520,0.625,128,319000,1.4791297912597656,1920,17,1,500000,1000,,319001.0,0.6312500238418579,0.6432177424430847,0.625,0.6552656292915344,1451,1568664761,2,1
320001,1920,4800015,614401920,23520,0.625,128,320000,1.4827165603637695,1920,17,1,500000,1000,,320001.0,0.629687488079071,0.6432173252105713,0.6229166388511658,0.6555117964744568,1455,1568664761,2,1
321001,1920,4815015,616321920,23520,0.6229166388511658,128,321000,1.4863476753234863,1920,17,1,500000,1000,,321001.0,0.6328125,0.6432241797447205,0.625,0.6553282141685486,1459,1568664761,2,1
322001,1920,4830015,618241920,23520,0.625,128,322000,1.4899139404296875,1920,17,1,500000,1000,,322001.0,0.6317708492279053,0.643216073513031,0.625,0.6554053425788879,1462,1568664761,2,1
323001,1920,4845015,620161920,23520,0.625,128,323000,1.4935119152069092,1920,17,1,500000,1000,,323001.0,0.6302083134651184,0.6432162523269653,0.625,0.6555876135826111,1466,1568664761,2,1
324001,1920,4860015,622081920,23520,0.625,128,324000,1.4971258640289307,1920,17,1,500000,1000,,324001.0,0.629687488079071,0.6432189345359802,0.6229166388511658,0.6557307839393616,1469,1568664761,2,1
325001,1920,4875015,624001920,23520,0.6229166388511658,128,325000,1.5007150173187256,1920,17,1,500000,1000,,325001.0,0.6312500238418579,0.643215537071228,0.625,0.6557092070579529,1473,1568664761,2,1
326001,1920,4890015,625921920,23520,0.625,128,326000,1.5043139457702637,1920,17,1,500000,1000,,326001.0,0.6322916746139526,0.6432133316993713,0.625,0.6554590463638306,1477,1568664761,2,1
327001,1920,4905015,627841920,23520,0.625,128,327000,1.5080761909484863,1920,17,1,500000,1000,,327001.0,0.6307291388511658,0.6432201862335205,0.6229166388511658,0.6552491784095764,1480,1568664761,2,1
328001,1920,4920015,629761920,23520,0.6229166388511658,128,328000,1.5116300582885742,1920,17,1,500000,1000,,328001.0,0.6312500238418579,0.6432201266288757,0.625,0.6554916501045227,1484,1568664761,2,1
329001,1920,4935015,631681920,23520,0.625,128,329000,1.5152230262756348,1920,17,1,500000,1000,,329001.0,0.6317708492279053,0.6432173848152161,0.6229166388511658,0.6556912660598755,1488,1568664761,2,1
330001,1920,4950015,633601920,23520,0.6229166388511658,128,330000,1.5188252925872803,1920,17,1,500000,1000,,330001.0,0.6317708492279053,0.6432172060012817,0.6208333373069763,0.6554125547409058,1491,1568664761,2,1
331001,1920,4965015,635521920,23520,0.6208333373069763,128,331000,1.5225872993469238,1920,17,1,500000,1000,,331001.0,0.6302083134651184,0.6432214975357056,0.6229166388511658,0.6556646823883057,1495,1568664761,2,1
332001,1920,4980015,637441920,23520,0.6229166388511658,128,332000,1.5261552333831787,1920,17,1,500000,1000,,332001.0,0.6317708492279053,0.6432170867919922,0.625,0.6553876399993896,1499,1568664761,2,1
333001,1920,4995015,639361920,23520,0.625,128,333000,1.5297744274139404,1920,17,1,500000,1000,,333001.0,0.6322916746139526,0.643219530582428,0.6270833611488342,0.6556606888771057,1502,1568664761,2,1
334001,1920,5010015,641281920,23520,0.6270833611488342,128,334000,1.533393383026123,1920,17,1,500000,1000,,334001.0,0.6291666626930237,0.6432181000709534,0.625,0.6556321978569031,1506,1568664761,2,1
335001,1920,5025015,643201920,23520,0.625,128,335000,1.5370054244995117,1920,17,1,500000,1000,,335001.0,0.6307291388511658,0.6432178020477295,0.6229166388511658,0.6553918123245239,1510,1568664761,2,1
336001,1920,5040015,645121920,23520,0.6229166388511658,128,336000,1.5405752658843994,1920,17,1,500000,1000,,336001.0,0.6317708492279053,0.6432169675827026,0.625,0.6553479433059692,1513,1568664761,2,1
337001,1920,5055015,647041920,23520,0.625,128,337000,1.5441784858703613,1920,17,1,500000,1000,,337001.0,0.6286458373069763,0.6432169675827026,0.625,0.6552218198776245,1517,1568664761,2,1
338001,1920,5070015,648961920,23520,0.625,128,338000,1.5477688312530518,1920,17,1,500000,1000,,338001.0,0.6307291388511658,0.6432172656059265,0.625,0.6552544236183167,1521,1568664761,2,1
339001,1920,5085015,650881920,23520,0.625,128,339000,1.5514585971832275,1920,17,1,500000,1000,,339001.0,0.628125011920929,0.643216073513031,0.6312500238418579,0.6553407311439514,1524,1568664761,2,1
340001,1920,5100015,652801920,23520,0.6312500238418579,128,340000,1.5550174713134766,1920,17,1,500000,1000,,340001.0,0.6302083134651184,0.6432160139083862,0.6229166388511658,0.6554912328720093,1528,1568664761,2,1
341001,1920,5115015,654721920,23520,0.6229166388511658,128,341000,1.5607383251190186,1920,17,1,500000,1000,,341001.0,0.6322916746139526,0.6432154178619385,0.6229166388511658,0.6556223034858704,1532,1568664761,2,1
342001,1920,5130015,656641920,23520,0.6229166388511658,128,342000,1.5642850399017334,1920,17,1,500000,1000,,342001.0,0.6328125,0.6432183384895325,0.6229166388511658,0.6558101773262024,1535,1568664761,2,1
343001,1920,5145015,658561920,23520,0.6229166388511658,128,343000,1.56852388381958,1920,17,1,500000,1000,,343001.0,0.6307291388511658,0.6432165503501892,0.625,0.6553747653961182,1539,1568664761,2,1
344001,1920,5160015,660481920,23520,0.625,128,344000,1.5720655918121338,1920,17,1,500000,1000,,344001.0,0.6286458373069763,0.6432151794433594,0.625,0.6553841829299927,1543,1568664761,2,1
345001,1920,5175015,662401920,23520,0.625,128,345000,1.575636386871338,1920,17,1,500000,1000,,345001.0,0.6317708492279053,0.6432151794433594,0.6229166388511658,0.6556147933006287,1547,1568664761,2,1
346001,1920,5190015,664321920,23520,0.6229166388511658,128,346000,1.579374074935913,1920,17,1,500000,1000,,346001.0,0.6286458373069763,0.6432229280471802,0.6312500238418579,0.655318021774292,1550,1568664761,2,1
347001,1920,5205015,666241920,23520,0.6312500238418579,128,347000,1.582914113998413,1920,17,1,500000,1000,,347001.0,0.6291666626930237,0.6432179808616638,0.6229166388511658,0.6552552580833435,1554,1568664761,2,1
348001,1920,5220015,668161920,23520,0.6229166388511658,128,348000,1.5864341259002686,1920,17,1,500000,1000,,348001.0,0.6302083134651184,0.6432225108146667,0.6229166388511658,0.655430793762207,1558,1568664761,2,1
349001,1920,5235015,670081920,23520,0.6229166388511658,128,349000,1.5902950763702393,1920,17,1,500000,1000,,349001.0,0.6317708492279053,0.6432192325592041,0.6208333373069763,0.6551470160484314,1561,1568664761,2,1
350001,1920,5250015,672001920,23520,0.6208333373069763,128,350000,1.5946550369262695,1920,17,1,500000,1000,,350001.0,0.6291666626930237,0.6432181596755981,0.6229166388511658,0.6555401682853699,1566,1568664761,2,1
351001,1920,5265015,673921920,23520,0.6229166388511658,128,351000,1.5982000827789307,1920,17,1,500000,1000,,351001.0,0.6307291388511658,0.643216073513031,0.625,0.6553862690925598,1569,1568664761,2,1
352001,1920,5280015,675841920,23520,0.625,128,352000,1.6021251678466797,1920,17,1,500000,1000,,352001.0,0.6302083134651184,0.6432191729545593,0.6229166388511658,0.6556107401847839,1573,1568664761,2,1
353001,1920,5295015,677761920,23520,0.6229166388511658,128,353000,1.6059339046478271,1920,17,1,500000,1000,,353001.0,0.629687488079071,0.6432272791862488,0.6312500238418579,0.6550207138061523,1577,1568664761,2,1
354001,1920,5310015,679681920,23520,0.6312500238418579,128,354000,1.609462022781372,1920,17,1,500000,1000,,354001.0,0.6291666626930237,0.6432227492332458,0.625,0.6554004549980164,1581,1568664761,2,1
355001,1920,5325015,681601920,23520,0.625,128,355000,1.613006830215454,1920,17,1,500000,1000,,355001.0,0.6302083134651184,0.6432178020477295,0.625,0.6556335091590881,1585,1568664761,2,1
356001,1920,5340015,683521920,23520,0.625,128,356000,1.6166245937347412,1920,17,1,500000,1000,,356001.0,0.6322916746139526,0.6432195901870728,0.6229166388511658,0.6553972959518433,1589,1568664761,2,1
357001,1920,5355015,685441920,23520,0.6229166388511658,128,357000,1.620234727859497,1920,17,1,500000,1000,,357001.0,0.6307291388511658,0.6432210803031921,0.625,0.6553323864936829,1593,1568664761,2,1
358001,1920,5370015,687361920,23520,0.625,128,358000,1.6237986087799072,1920,17,1,500000,1000,,358001.0,0.6286458373069763,0.6432145833969116,0.625,0.6554308533668518,1597,1568664761,2,1
359001,1920,5385015,689281920,23520,0.625,128,359000,1.627314567565918,1920,17,1,500000,1000,,359001.0,0.6322916746139526,0.643220067024231,0.625,0.6553125381469727,1601,1568664761,2,1
360001,1920,5400015,691201920,23520,0.625,128,360000,1.6308314800262451,1920,17,1,500000,1000,,360001.0,0.6291666626930237,0.6432165503501892,0.625,0.6553038358688354,1605,1568664761,2,1
361001,1920,5415015,693121920,23520,0.625,128,361000,1.6343605518341064,1920,17,1,500000,1000,,361001.0,0.6302083134651184,0.643214762210846,0.6229166388511658,0.6553728580474854,1609,1568664761,2,1
362001,1920,5430015,695041920,23520,0.6229166388511658,128,362000,1.6378934383392334,1920,17,1,500000,1000,,362001.0,0.6312500238418579,0.6432201862335205,0.625,0.655262291431427,1612,1568664761,2,1
363001,1920,5445015,696961920,23520,0.625,128,363000,1.6422865390777588,1920,17,1,500000,1000,,363001.0,0.6312500238418579,0.643219530582428,0.6208333373069763,0.6556007266044617,1616,1568664761,2,1
364001,1920,5460015,698881920,23520,0.6208333373069763,128,364000,1.6457974910736084,1920,17,1,500000,1000,,364001.0,0.6307291388511658,0.6432167887687683,0.6229166388511658,0.6555795669555664,1620,1568664761,2,1
365001,1920,5475015,700801920,23520,0.6229166388511658,128,365000,1.6493334770202637,1920,17,1,500000,1000,,365001.0,0.6307291388511658,0.6432197093963623,0.625,0.6554895639419556,1623,1568664761,2,1
366001,1920,5490015,702721920,23520,0.625,128,366000,1.652989387512207,1920,17,1,500000,1000,,366001.0,0.629687488079071,0.6432221531867981,0.6229166388511658,0.6552446484565735,1627,1568664761,2,1
367001,1920,5505015,704641920,23520,0.6229166388511658,128,367000,1.6567566394805908,1920,17,1,500000,1000,,367001.0,0.6312500238418579,0.6432181000709534,0.625,0.6554696559906006,1631,1568664761,2,1
368001,1920,5520015,706561920,23520,0.625,128,368000,1.6602675914764404,1920,17,1,500000,1000,,368001.0,0.6307291388511658,0.6432196497917175,0.6229166388511658,0.6553581357002258,1635,1568664761,2,1
369001,1920,5535015,708481920,23520,0.6229166388511658,128,369000,1.6639723777770996,1920,17,1,500000,1000,,369001.0,0.6322916746139526,0.6432196497917175,0.625,0.6556419730186462,1638,1568664761,2,1
370001,1920,5550015,710401920,23520,0.625,128,370000,1.6733872890472412,1920,17,1,500000,1000,,370001.0,0.6291666626930237,0.6432211995124817,0.625,0.655493974685669,1643,1568664761,2,1
371001,1920,5565015,712321920,23520,0.625,128,371000,1.6769063472747803,1920,17,1,500000,1000,,371001.0,0.629687488079071,0.6432192325592041,0.625,0.6552488803863525,1648,1568664761,2,1
372001,1920,5580015,714241920,23520,0.625,128,372000,1.680410385131836,1920,17,1,500000,1000,,372001.0,0.629687488079071,0.6432185769081116,0.625,0.6552650332450867,1652,1568664761,2,1
373001,1920,5595015,716161920,23520,0.625,128,373000,1.6839323043823242,1920,17,1,500000,1000,,373001.0,0.6276041865348816,0.6432181596755981,0.6291666626930237,0.65544193983078,1655,1568664761,2,1
374001,1920,5610015,718081920,23520,0.6291666626930237,128,374000,1.6874923706054688,1920,17,1,500000,1000,,374001.0,0.6286458373069763,0.6432151794433594,0.625,0.6552870869636536,1659,1568664761,2,1
375001,1920,5625015,720001920,23520,0.625,128,375000,1.6913225650787354,1920,17,1,500000,1000,,375001.0,0.6322916746139526,0.6432167291641235,0.625,0.6554297208786011,1664,1568664761,2,1
376001,1920,5640015,721921920,23520,0.625,128,376000,1.6949734687805176,1920,17,1,500000,1000,,376001.0,0.6312500238418579,0.6432161927223206,0.6229166388511658,0.6556605696678162,1667,1568664761,2,1
377001,1920,5655015,723841920,23520,0.6229166388511658,128,377000,1.6985032558441162,1920,17,1,500000,1000,,377001.0,0.6307291388511658,0.6432209014892578,0.625,0.6553745269775391,1671,1568664761,2,1
378001,1920,5670015,725761920,23520,0.625,128,378000,1.7020001411437988,1920,17,1,500000,1000,,378001.0,0.6312500238418579,0.6432135701179504,0.6229166388511658,0.655631422996521,1675,1568664761,2,1
379001,1920,5685015,727681920,23520,0.6229166388511658,128,379000,1.7054929733276367,1920,17,1,500000,1000,,379001.0,0.6276041865348816,0.643217146396637,0.6229166388511658,0.6552844643592834,1679,1568664761,2,1
380001,1920,5700015,729601920,23520,0.6229166388511658,128,380000,1.7090239524841309,1920,17,1,500000,1000,,380001.0,0.6270833611488342,0.6432149410247803,0.6291666626930237,0.6554511189460754,1682,1568664761,2,1
381001,1920,5715015,731521920,23520,0.6291666626930237,128,381000,1.7125959396362305,1920,17,1,500000,1000,,381001.0,0.6328125,0.6432216763496399,0.625,0.6554710268974304,1686,1568664761,2,1
382001,1920,5730015,733441920,23520,0.625,128,382000,1.7161149978637695,1920,17,1,500000,1000,,382001.0,0.6312500238418579,0.6432206630706787,0.625,0.655404806137085,1690,1568664761,2,1
383001,1920,5745015,735361920,23520,0.625,128,383000,1.7196528911590576,1920,17,1,500000,1000,,383001.0,0.6312500238418579,0.6432212591171265,0.625,0.6555511951446533,1693,1568664761,2,1
384001,1920,5760015,737281920,23520,0.625,128,384000,1.7394769191741943,1920,17,1,500000,1000,,384001.0,0.6322916746139526,0.6432176828384399,0.625,0.6553351283073425,1700,1568664761,2,1
385001,1920,5775015,739201920,23520,0.625,128,385000,1.744584083557129,1920,17,1,500000,1000,,385001.0,0.6317708492279053,0.6432176828384399,0.625,0.6555274724960327,1705,1568664761,2,1
386001,1920,5790015,741121920,23520,0.625,128,386000,1.748932123184204,1920,17,1,500000,1000,,386001.0,0.6333333253860474,0.6432135701179504,0.625,0.655331552028656,1709,1568664761,2,1
387001,1920,5805015,743041920,23520,0.625,128,387000,1.7524962425231934,1920,17,1,500000,1000,,387001.0,0.6317708492279053,0.6432162523269653,0.6229166388511658,0.655521035194397,1713,1568664761,2,1
388001,1920,5820015,744961920,23520,0.6229166388511658,128,388000,1.75604248046875,1920,17,1,500000,1000,,388001.0,0.6312500238418579,0.6432129144668579,0.625,0.6553277969360352,1717,1568664761,2,1
389001,1920,5835015,746881920,23520,0.625,128,389000,1.7595555782318115,1920,17,1,500000,1000,,389001.0,0.6322916746139526,0.6432133913040161,0.625,0.6554044485092163,1721,1568664761,2,1
390001,1920,5850015,748801920,23520,0.625,128,390000,1.7631804943084717,1920,17,1,500000,1000,,390001.0,0.6286458373069763,0.6432139873504639,0.625,0.6553324460983276,1725,1568664761,2,1
391001,1920,5865015,750721920,23520,0.625,128,391000,1.766721487045288,1920,17,1,500000,1000,,391001.0,0.6291666626930237,0.6432150602340698,0.625,0.6557294130325317,1729,1568664761,2,1
392001,1920,5880015,752641920,23520,0.625,128,392000,1.770256757736206,1920,17,1,500000,1000,,392001.0,0.6302083134651184,0.6432190537452698,0.625,0.6553582549095154,1732,1568664761,2,1
393001,1920,5895015,754561920,23520,0.625,128,393000,1.774155616760254,1920,17,1,500000,1000,,393001.0,0.6317708492279053,0.6432163715362549,0.6208333373069763,0.6555327773094177,1736,1568664761,2,1
394001,1920,5910015,756481920,23520,0.6208333373069763,128,394000,1.7776966094970703,1920,17,1,500000,1000,,394001.0,0.6307291388511658,0.6432219743728638,0.6187499761581421,0.6552150845527649,1740,1568664761,2,1
395001,1920,5925015,758401920,23520,0.6187499761581421,128,395000,1.781219720840454,1920,17,1,500000,1000,,395001.0,0.6291666626930237,0.6432160139083862,0.625,0.6552689075469971,1744,1568664761,2,1
396001,1920,5940015,760321920,23520,0.625,128,396000,1.7847588062286377,1920,17,1,500000,1000,,396001.0,0.6312500238418579,0.6432201266288757,0.625,0.6553636193275452,1747,1568664761,2,1
397001,1920,5955015,762241920,23520,0.625,128,397000,1.7887496948242188,1920,17,1,500000,1000,,397001.0,0.6317708492279053,0.6432152986526489,0.6208333373069763,0.6553502678871155,1751,1568664761,2,1
398001,1920,5970015,764161920,23520,0.6208333373069763,128,398000,1.7922759056091309,1920,17,1,500000,1000,,398001.0,0.6291666626930237,0.6432144045829773,0.625,0.6554460525512695,1755,1568664761,2,1
399001,1920,5985015,766081920,23520,0.625,128,399000,1.7957518100738525,1920,17,1,500000,1000,,399001.0,0.6312500238418579,0.6432134509086609,0.6229166388511658,0.6553693413734436,1759,1568664761,2,1
400001,1920,6000015,768001920,23520,0.6229166388511658,128,400000,1.7992808818817139,1920,17,1,500000,1000,,400001.0,0.6291666626930237,0.6432152986526489,0.625,0.65511155128479,1763,1568664761,2,1
401001,1920,6015015,769921920,23520,0.625,128,401000,1.8030169010162354,1920,17,1,500000,1000,,401001.0,0.6312500238418579,0.6432144641876221,0.6229166388511658,0.6551769375801086,1766,1568664761,2,1
402001,1920,6030015,771841920,23520,0.6229166388511658,128,402000,1.8065578937530518,1920,17,1,500000,1000,,402001.0,0.628125011920929,0.6432162523269653,0.6229166388511658,0.6553539037704468,1770,1568664761,2,1
403001,1920,6045015,773761920,23520,0.6229166388511658,128,403000,1.8103337287902832,1920,17,1,500000,1000,,403001.0,0.6317708492279053,0.6432164311408997,0.625,0.6552512645721436,1774,1568664761,2,1
404001,1920,6060015,775681920,23520,0.625,128,404000,1.813875675201416,1920,17,1,500000,1000,,404001.0,0.6291666626930237,0.6432165503501892,0.625,0.65571528673172,1778,1568664761,2,1
405001,1920,6075015,777601920,23520,0.625,128,405000,1.8181757926940918,1920,17,1,500000,1000,,405001.0,0.6291666626930237,0.6432141065597534,0.625,0.655342698097229,1781,1568664761,2,1
406001,1920,6090015,779521920,23520,0.625,128,406000,1.8217005729675293,1920,17,1,500000,1000,,406001.0,0.6317708492279053,0.6432163715362549,0.625,0.6553959250450134,1785,1568664761,2,1
407001,1920,6105015,781441920,23520,0.625,128,407000,1.825251817703247,1920,17,1,500000,1000,,407001.0,0.6302083134651184,0.6432129740715027,0.6229166388511658,0.6553691625595093,1789,1568664761,2,1
408001,1920,6120015,783361920,23520,0.6229166388511658,128,408000,1.8287997245788574,1920,17,1,500000,1000,,408001.0,0.6322916746139526,0.6432170271873474,0.625,0.6554590463638306,1793,1568664761,2,1
409001,1920,6135015,785281920,23520,0.625,128,409000,1.8323054313659668,1920,17,1,500000,1000,,409001.0,0.6276041865348816,0.6432172656059265,0.6229166388511658,0.6552411317825317,1797,1568664761,2,1
410001,1920,6150015,787201920,23520,0.6229166388511658,128,410000,1.8369815349578857,1920,17,1,500000,1000,,410001.0,0.6302083134651184,0.6432205438613892,0.625,0.6555349230766296,1801,1568664761,2,1
411001,1920,6165015,789121920,23520,0.625,128,411000,1.8405053615570068,1920,17,1,500000,1000,,411001.0,0.6302083134651184,0.6432201862335205,0.6229166388511658,0.6554698944091797,1804,1568664761,2,1
412001,1920,6180015,791041920,23520,0.6229166388511658,128,412000,1.8467562198638916,1920,17,1,500000,1000,,412001.0,0.6302083134651184,0.6432163119316101,0.625,0.6551454663276672,1808,1568664761,2,1
413001,1920,6195015,792961920,23520,0.625,128,413000,1.8503029346466064,1920,17,1,500000,1000,,413001.0,0.6291666626930237,0.6432139873504639,0.625,0.6555664539337158,1812,1568664761,2,1
414001,1920,6210015,794881920,23520,0.625,128,414000,1.8548870086669922,1920,17,1,500000,1000,,414001.0,0.6302083134651184,0.6432201862335205,0.625,0.6552944183349609,1816,1568664761,2,1
415001,1920,6225015,796801920,23520,0.625,128,415000,1.8584527969360352,1920,17,1,500000,1000,,415001.0,0.6317708492279053,0.6432162523269653,0.6229166388511658,0.6556081175804138,1820,1568664761,2,1
416001,1920,6240015,798721920,23520,0.6229166388511658,128,416000,1.8620548248291016,1920,17,1,500000,1000,,416001.0,0.6317708492279053,0.6432181596755981,0.6229166388511658,0.6557168960571289,1824,1568664761,2,1
417001,1920,6255015,800641920,23520,0.6229166388511658,128,417000,1.865607738494873,1920,17,1,500000,1000,,417001.0,0.6322916746139526,0.643216073513031,0.625,0.6555737853050232,1828,1568664761,2,1
418001,1920,6270015,802561920,23520,0.625,128,418000,1.8691067695617676,1920,17,1,500000,1000,,418001.0,0.6322916746139526,0.6432183980941772,0.625,0.6554498672485352,1831,1568664761,2,1
419001,1920,6285015,804481920,23520,0.625,128,419000,1.8727319240570068,1920,17,1,500000,1000,,419001.0,0.6286458373069763,0.6432168483734131,0.6291666626930237,0.6554823517799377,1835,1568664761,2,1
420001,1920,6300015,806401920,23520,0.6291666626930237,128,420000,1.8762929439544678,1920,17,1,500000,1000,,420001.0,0.6307291388511658,0.6432151794433594,0.625,0.6552687883377075,1839,1568664761,2,1
421001,1920,6315015,808321920,23520,0.625,128,421000,1.879810094833374,1920,17,1,500000,1000,,421001.0,0.6307291388511658,0.6432168483734131,0.6291666626930237,0.6555528044700623,1843,1568664761,2,1
422001,1920,6330015,810241920,23520,0.6291666626930237,128,422000,1.883606195449829,1920,17,1,500000,1000,,422001.0,0.628125011920929,0.643219530582428,0.6229166388511658,0.6551811695098877,1847,1568664761,2,1
423001,1920,6345015,812161920,23520,0.6229166388511658,128,423000,1.8871979713439941,1920,17,1,500000,1000,,423001.0,0.628125011920929,0.6432163715362549,0.625,0.6554234623908997,1851,1568664761,2,1
424001,1920,6360015,814081920,23520,0.625,128,424000,1.8907618522644043,1920,17,1,500000,1000,,424001.0,0.6286458373069763,0.6432181000709534,0.625,0.6550783514976501,1855,1568664761,2,1
425001,1920,6375015,816001920,23520,0.625,128,425000,1.8960809707641602,1920,17,1,500000,1000,,425001.0,0.6307291388511658,0.6432222127914429,0.625,0.6552056670188904,1859,1568664761,2,1
426001,1920,6390015,817921920,23520,0.625,128,426000,1.8996062278747559,1920,17,1,500000,1000,,426001.0,0.628125011920929,0.6432157158851624,0.625,0.6553609371185303,1863,1568664761,2,1
427001,1920,6405015,819841920,23520,0.625,128,427000,1.903193473815918,1920,17,1,500000,1000,,427001.0,0.6312500238418579,0.6432160139083862,0.6229166388511658,0.6553558111190796,1867,1568664761,2,1
428001,1920,6420015,821761920,23520,0.6229166388511658,128,428000,1.9099724292755127,1920,17,1,500000,1000,,428001.0,0.6291666626930237,0.6432168483734131,0.625,0.6552508473396301,1871,1568664761,2,1
429001,1920,6435015,823681920,23520,0.625,128,429000,1.91353440284729,1920,17,1,500000,1000,,429001.0,0.629687488079071,0.6432191133499146,0.625,0.6550916433334351,1875,1568664761,2,1
430001,1920,6450015,825601920,23520,0.625,128,430000,1.9170701503753662,1920,17,1,500000,1000,,430001.0,0.6317708492279053,0.6432172060012817,0.625,0.6552747488021851,1878,1568664761,2,1
431001,1920,6465015,827521920,23520,0.625,128,431000,1.9218192100524902,1920,17,1,500000,1000,,431001.0,0.629687488079071,0.6432161927223206,0.625,0.655351996421814,1882,1568664761,2,1
432001,1920,6480015,829441920,23520,0.625,128,432000,1.9253664016723633,1920,17,1,500000,1000,,432001.0,0.6328125,0.6432256698608398,0.625,0.6556843519210815,1886,1568664761,2,1
433001,1920,6495015,831361920,23520,0.625,128,433000,1.9289205074310303,1920,17,1,500000,1000,,433001.0,0.6286458373069763,0.643214225769043,0.6229166388511658,0.6554933786392212,1890,1568664761,2,1
434001,1920,6510015,833281920,23520,0.6229166388511658,128,434000,1.932469367980957,1920,17,1,500000,1000,,434001.0,0.6291666626930237,0.6432225108146667,0.6229166388511658,0.6550959944725037,1894,1568664761,2,1
435001,1920,6525015,835201920,23520,0.6229166388511658,128,435000,1.9359962940216064,1920,17,1,500000,1000,,435001.0,0.6286458373069763,0.6432177424430847,0.625,0.6555334329605103,1897,1568664761,2,1
436001,1920,6540015,837121920,23520,0.625,128,436000,1.9396064281463623,1920,17,1,500000,1000,,436001.0,0.629687488079071,0.6432169675827026,0.6208333373069763,0.6554161310195923,1901,1568664761,2,1
437001,1920,6555015,839041920,23520,0.6208333373069763,128,437000,1.943129301071167,1920,17,1,500000,1000,,437001.0,0.6312500238418579,0.6432187557220459,0.625,0.6554895639419556,1905,1568664761,2,1
438001,1920,6570015,840961920,23520,0.625,128,438000,1.946852445602417,1920,17,1,500000,1000,,438001.0,0.6286458373069763,0.643215537071228,0.625,0.6552609801292419,1909,1568664761,2,1
439001,1920,6585015,842881920,23520,0.625,128,439000,1.9504704475402832,1920,17,1,500000,1000,,439001.0,0.628125011920929,0.6432172060012817,0.6312500238418579,0.655532956123352,1912,1568664761,2,1
440001,1920,6600015,844801920,23520,0.6312500238418579,128,440000,1.9539711475372314,1920,17,1,500000,1000,,440001.0,0.6291666626930237,0.6432169675827026,0.625,0.6555520296096802,1916,1568664761,2,1
441001,1920,6615015,846721920,23520,0.625,128,441000,1.957491159439087,1920,17,1,500000,1000,,441001.0,0.6286458373069763,0.6432213187217712,0.625,0.6554282903671265,1920,1568664761,2,1
442001,1920,6630015,848641920,23520,0.625,128,442000,1.9611492156982422,1920,17,1,500000,1000,,442001.0,0.6312500238418579,0.6432188749313354,0.625,0.6554293036460876,1923,1568664761,2,1
443001,1920,6645015,850561920,23520,0.625,128,443000,1.9646592140197754,1920,17,1,500000,1000,,443001.0,0.6307291388511658,0.6432168483734131,0.6229166388511658,0.6556538939476013,1927,1568664761,2,1
444001,1920,6660015,852481920,23520,0.6229166388511658,128,444000,1.9683592319488525,1920,17,1,500000,1000,,444001.0,0.6286458373069763,0.6432167291641235,0.6229166388511658,0.6554340720176697,1931,1568664761,2,1
445001,1920,6675015,854401920,23520,0.6229166388511658,128,445000,1.9722340106964111,1920,17,1,500000,1000,,445001.0,0.629687488079071,0.6432209610939026,0.625,0.6555884480476379,1935,1568664761,2,1
446001,1920,6690015,856321920,23520,0.625,128,446000,1.9757397174835205,1920,17,1,500000,1000,,446001.0,0.6291666626930237,0.6432141065597534,0.625,0.6555850505828857,1938,1568664761,2,1
447001,1920,6705015,858241920,23520,0.625,128,447000,1.979259729385376,1920,17,1,500000,1000,,447001.0,0.6291666626930237,0.6432174444198608,0.625,0.6554625034332275,1942,1568664761,2,1
448001,1920,6720015,860161920,23520,0.625,128,448000,1.9827866554260254,1920,17,1,500000,1000,,448001.0,0.628125011920929,0.6432249546051025,0.625,0.6554633975028992,1946,1568664761,2,1
449001,1920,6735015,862081920,23520,0.625,128,449000,1.986311435699463,1920,17,1,500000,1000,,449001.0,0.6276041865348816,0.6432202458381653,0.6229166388511658,0.6555137634277344,1950,1568664761,2,1
450001,1920,6750015,864001920,23520,0.6229166388511658,128,450000,1.9898722171783447,1920,17,1,500000,1000,,450001.0,0.629687488079071,0.643222987651825,0.625,0.6556437015533447,1953,1568664761,2,1
451001,1920,6765015,865921920,23520,0.625,128,451000,1.9934070110321045,1920,17,1,500000,1000,,451001.0,0.6302083134651184,0.6432157158851624,0.625,0.6557555794715881,1957,1568664761,2,1
452001,1920,6780015,867841920,23520,0.625,128,452000,1.9969170093536377,1920,17,1,500000,1000,,452001.0,0.6317708492279053,0.643214225769043,0.625,0.6554549336433411,1961,1568664761,2,1
453001,1920,6795015,869761920,23520,0.625,128,453000,2.000523090362549,1920,17,1,500000,1000,,453001.0,0.6286458373069763,0.64321368932724,0.625,0.6553672552108765,1965,1568664761,2,1
454001,1920,6810015,871681920,23520,0.625,128,454000,2.0057101249694824,1920,17,1,500000,1000,,454001.0,0.628125011920929,0.6432163715362549,0.625,0.655488133430481,1969,1568664761,2,1
455001,1920,6825015,873601920,23520,0.625,128,455000,2.009244918823242,1920,17,1,500000,1000,,455001.0,0.628125011920929,0.6432191133499146,0.625,0.6556503176689148,1973,1568664761,2,1
456001,1920,6840015,875521920,23520,0.625,128,456000,2.014871835708618,1920,17,1,500000,1000,,456001.0,0.629687488079071,0.643217146396637,0.625,0.6555578708648682,1977,1568664761,2,1
457001,1920,6855015,877441920,23520,0.625,128,457000,2.018387794494629,1920,17,1,500000,1000,,457001.0,0.6317708492279053,0.6432226896286011,0.6229166388511658,0.6552333235740662,1980,1568664761,2,1
458001,1920,6870015,879361920,23520,0.6229166388511658,128,458000,2.0222885608673096,1920,17,1,500000,1000,,458001.0,0.6322916746139526,0.6432178616523743,0.625,0.6555718779563904,1984,1568664761,2,1
459001,1920,6885015,881281920,23520,0.625,128,459000,2.0260086059570312,1920,17,1,500000,1000,,459001.0,0.6286458373069763,0.6432190537452698,0.6229166388511658,0.655447244644165,1988,1568664761,2,1
460001,1920,6900015,883201920,23520,0.6229166388511658,128,460000,2.0295228958129883,1920,17,1,500000,1000,,460001.0,0.6307291388511658,0.6432241797447205,0.625,0.6558647751808167,1992,1568664761,2,1
461001,1920,6915015,885121920,23520,0.625,128,461000,2.0330100059509277,1920,17,1,500000,1000,,461001.0,0.6312500238418579,0.6432154178619385,0.625,0.6554833650588989,1996,1568664761,2,1
462001,1920,6930015,887041920,23520,0.625,128,462000,2.03678297996521,1920,17,1,500000,1000,,462001.0,0.6291666626930237,0.6432186961174011,0.6229166388511658,0.6555148959159851,2000,1568664761,2,1
463001,1920,6945015,888961920,23520,0.6229166388511658,128,463000,2.040468692779541,1920,17,1,500000,1000,,463001.0,0.6302083134651184,0.6432151198387146,0.625,0.6556060910224915,2004,1568664761,2,1
464001,1920,6960015,890881920,23520,0.625,128,464000,2.0440139770507812,1920,17,1,500000,1000,,464001.0,0.629687488079071,0.6432161331176758,0.625,0.6550999879837036,2007,1568664761,2,1
465001,1920,6975015,892801920,23520,0.625,128,465000,2.0491297245025635,1920,17,1,500000,1000,,465001.0,0.6286458373069763,0.6432164311408997,0.625,0.6554888486862183,2011,1568664761,2,1
466001,1920,6990015,894721920,23520,0.625,128,466000,2.052658796310425,1920,17,1,500000,1000,,466001.0,0.6333333253860474,0.6432206630706787,0.6208333373069763,0.6555871963500977,2015,1568664761,2,1
467001,1920,7005015,896641920,23520,0.6208333373069763,128,467000,2.056614637374878,1920,17,1,500000,1000,,467001.0,0.6286458373069763,0.6432178616523743,0.625,0.6553141474723816,2019,1568664761,2,1
468001,1920,7020015,898561920,23520,0.625,128,468000,2.060150623321533,1920,17,1,500000,1000,,468001.0,0.6286458373069763,0.643218994140625,0.6229166388511658,0.6555472016334534,2023,1568664761,2,1
469001,1920,7035015,900481920,23520,0.6229166388511658,128,469000,2.0640945434570312,1920,17,1,500000,1000,,469001.0,0.6291666626930237,0.6432166695594788,0.625,0.6555494070053101,2027,1568664761,2,1
470001,1920,7050015,902401920,23520,0.625,128,470000,2.0676186084747314,1920,17,1,500000,1000,,470001.0,0.6286458373069763,0.6432225704193115,0.625,0.6551212668418884,2031,1568664761,2,1
471001,1920,7065015,904321920,23520,0.625,128,471000,2.1129276752471924,1920,17,1,500000,1000,,471001.0,0.6307291388511658,0.6432165503501892,0.625,0.6557618379592896,2043,1568664761,2,1
472001,1920,7080015,906241920,23520,0.625,128,472000,2.1167097091674805,1920,17,1,500000,1000,,472001.0,0.6307291388511658,0.6432164907455444,0.625,0.655594527721405,2078,1568664761,2,1
473001,1920,7095015,908161920,23520,0.625,128,473000,2.123051643371582,1920,17,1,500000,1000,,473001.0,0.6312500238418579,0.6432172060012817,0.625,0.6553886532783508,2104,1568664761,2,1
474001,1920,7110015,910081920,23520,0.625,128,474000,2.1633286476135254,1920,17,1,500000,1000,,474001.0,0.629687488079071,0.6432218551635742,0.6187499761581421,0.655717134475708,2122,1568664761,2,1
475001,1920,7125015,912001920,23520,0.6187499761581421,128,475000,2.1668875217437744,1920,17,1,500000,1000,,475001.0,0.628125011920929,0.643216073513031,0.6229166388511658,0.6552776098251343,2131,1568664761,2,1
476001,1920,7140015,913921920,23520,0.6229166388511658,128,476000,2.1704046726226807,1920,17,1,500000,1000,,476001.0,0.6307291388511658,0.6432170867919922,0.625,0.655735969543457,2135,1568664761,2,1
477001,1920,7155015,915841920,23520,0.625,128,477000,2.1739375591278076,1920,17,1,500000,1000,,477001.0,0.6302083134651184,0.6432174444198608,0.625,0.6556244492530823,2139,1568664761,2,1
478001,1920,7170015,917761920,23520,0.625,128,478000,2.1774604320526123,1920,17,1,500000,1000,,478001.0,0.6322916746139526,0.6432192921638489,0.6229166388511658,0.655593752861023,2143,1568664761,2,1
479001,1920,7185015,919681920,23520,0.6229166388511658,128,479000,2.181009531021118,1920,17,1,500000,1000,,479001.0,0.6312500238418579,0.6432191133499146,0.6312500238418579,0.6552293300628662,2147,1568664761,2,1
480001,1920,7200015,921601920,23520,0.6312500238418579,128,480000,2.1845755577087402,1920,17,1,500000,1000,,480001.0,0.6322916746139526,0.6432139873504639,0.625,0.6554346084594727,2150,1568664761,2,1
481001,1920,7215015,923521920,23520,0.625,128,481000,2.188124418258667,1920,17,1,500000,1000,,481001.0,0.6317708492279053,0.6432161331176758,0.625,0.6557317972183228,2154,1568664761,2,1
482001,1920,7230015,925441920,23520,0.625,128,482000,2.191685438156128,1920,17,1,500000,1000,,482001.0,0.6317708492279053,0.6432172656059265,0.6229166388511658,0.6558701992034912,2158,1568664761,2,1
483001,1920,7245015,927361920,23520,0.6229166388511658,128,483000,2.1952223777770996,1920,17,1,500000,1000,,483001.0,0.6312500238418579,0.6432169079780579,0.625,0.6553691625595093,2162,1568664761,2,1
484001,1920,7260015,929281920,23520,0.625,128,484000,2.1987483501434326,1920,17,1,500000,1000,,484001.0,0.6322916746139526,0.6432214975357056,0.6208333373069763,0.6553682684898376,2172,1568664761,2,1
485001,1920,7275015,931201920,23520,0.6208333373069763,128,485000,2.224006414413452,1920,17,1,500000,1000,,485001.0,0.6286458373069763,0.6432169079780579,0.6291666626930237,0.6555763483047485,2195,1568664761,2,1
486001,1920,7290015,933121920,23520,0.6291666626930237,128,486000,2.241943597793579,1920,17,1,500000,1000,,486001.0,0.6307291388511658,0.6432149410247803,0.625,0.6556620001792908,2217,1568664761,2,1
487001,1920,7305015,935041920,23520,0.625,128,487000,2.25165057182312,1920,17,1,500000,1000,,487001.0,0.6291666626930237,0.6432181000709534,0.625,0.6556888818740845,2232,1568664761,2,1
488001,1920,7320015,936961920,23520,0.625,128,488000,2.280561685562134,1920,17,1,500000,1000,,488001.0,0.6322916746139526,0.6432202458381653,0.6229166388511658,0.6553974747657776,2252,1568664761,2,1
489001,1920,7335015,938881920,23520,0.6229166388511658,128,489000,2.2873857021331787,1920,17,1,500000,1000,,489001.0,0.6317708492279053,0.6432154774665833,0.625,0.6552489995956421,2273,1568664761,2,1
490001,1920,7350015,940801920,23520,0.625,128,490000,2.290956974029541,1920,17,1,500000,1000,,490001.0,0.6302083134651184,0.6432151794433594,0.6229166388511658,0.6553977727890015,2284,1568664761,2,1
491001,1920,7365015,942721920,23520,0.6229166388511658,128,491000,2.2945010662078857,1920,17,1,500000,1000,,491001.0,0.6328125,0.6432166695594788,0.6229166388511658,0.6552017331123352,2288,1568664761,2,1
492001,1920,7380015,944641920,23520,0.6229166388511658,128,492000,2.298258066177368,1920,17,1,500000,1000,,492001.0,0.6307291388511658,0.643221914768219,0.625,0.6553881168365479,2292,1568664761,2,1
493001,1920,7395015,946561920,23520,0.625,128,493000,2.3046932220458984,1920,17,1,500000,1000,,493001.0,0.6307291388511658,0.6432158946990967,0.6229166388511658,0.6554650664329529,2296,1568664761,2,1
494001,1920,7410015,948481920,23520,0.6229166388511658,128,494000,2.3182711601257324,1920,17,1,500000,1000,,494001.0,0.6307291388511658,0.643215000629425,0.6229166388511658,0.6555338501930237,2316,1568664761,2,1
495001,1920,7425015,950401920,23520,0.6229166388511658,128,495000,2.338750123977661,1920,17,1,500000,1000,,495001.0,0.6312500238418579,0.6432179808616638,0.625,0.6555389165878296,2343,1568664761,2,1
496001,1920,7440015,952321920,23520,0.625,128,496000,2.3424201011657715,1920,17,1,500000,1000,,496001.0,0.6307291388511658,0.643219530582428,0.6229166388511658,0.6551241278648376,2354,1568664761,2,1
497001,1920,7455015,954241920,23520,0.6229166388511658,128,497000,2.345978260040283,1920,17,1,500000,1000,,497001.0,0.6302083134651184,0.6432187557220459,0.625,0.655023455619812,2358,1568664761,2,1
498001,1920,7470015,956161920,23520,0.625,128,498000,2.3497912883758545,1920,17,1,500000,1000,,498001.0,0.6302083134651184,0.6432169675827026,0.625,0.6551195979118347,2363,1568664761,2,1
499001,1920,7485015,958081920,23520,0.625,128,499000,2.3534882068634033,1920,17,1,500000,1000,,499001.0,0.6322916746139526,0.6432170867919922,0.6229166388511658,0.6552630066871643,2367,1568664761,2,1
499998,1920,7499970,959996160,23520,0.6229166388511658,128,499997,2.3570470809936523,1920,17,1,500000,1000,,499998.0,0.629687488079071,0.6432167887687683,0.625,0.6553437113761902,2371,1568664761,2,1
499999,1920,7499985,959998080,23520,0.625,128,499998,2.36063814163208,1920,17,1,500000,1000,,499999.0,0.629687488079071,0.6432169675827026,0.625,0.6553449630737305,2371,1568664761,2,1
500000,1920,7500000,960000000,23520,0.625,128,499999,2.3642163276672363,1920,17,1,500000,1000,,500000.0,0.629687488079071,0.6432169675827026,0.625,0.6553241014480591,2371,1568664761,2,1
